,hurricane_id,date,name,time,status,latitude,longitude,max_wind,air_pressure,latitude_decimal,longitude_decimal,year
0,1,19500812,Able,0,TS,17.1N,55.5W,35,-999,17.02,-55.08,1950
1,2,19500818,Baker,1200,TD,12.0N,54.0W,30,-999,12.0,-54.0,1950
2,3,19500821,Charlie,1200,TS,11.1N,26.4W,35,-999,11.02,-26.07,1950
3,4,19500830,Dog,1800,HU,15.2N,55.6W,80,-999,15.03,-55.1,1950
4,5,19500901,Easy,600,TS,19.7N,83.2W,40,-999,19.12,-83.03,1950
5,6,19500908,Fox,600,TS,15.5N,41.0W,40,-999,15.08,-41.0,1950
6,7,19500927,George,600,TS,24.6N,51.0W,35,-999,24.1,-51.0,1950
7,8,19501001,How,600,TD,25.6N,88.4W,30,-999,25.1,-88.07,1950
8,9,19501008,Item,600,TS,23.3N,90.4W,35,-999,23.05,-90.07,1950
9,10,19501011,Jig,1200,TS,22.4N,47.0W,40,-999,22.07,-47.0,1950
10,11,19501013,King,600,TD,16.0N,84.2W,25,-999,16.0,-84.03,1950
11,12,19501018,Love,0,TS,25.5N,89.5W,40,-999,25.08,-89.08,1950
12,13,19501025,Mike,1200,TD,24.7N,42.2W,25,-999,24.12,-42.03,1950
13,14,19510516,Able,0,TD,32.0N,68.0W,30,-999,32.0,-68.0,1951
14,15,19510802,Baker,600,TD,20.9N,52.9W,30,-999,20.15,-52.15,1951
15,16,19510812,Charlie,0,TD,12.1N,44.1W,30,-999,12.02,-44.02,1951
16,17,19510827,Dog,600,TD,12.3N,25.6W,25,-999,12.05,-25.1,1951
17,18,19510901,Easy,600,TD,12.5N,32.0W,30,-999,12.08,-32.0,1951
18,19,19510902,Fox,1800,TD,12.6N,20.3W,30,-999,12.1,-20.05,1951
19,20,19510919,George,1800,TD,19.4N,93.2W,30,-999,19.07,-93.03,1951
20,21,19510929,How,0,TD,20.2N,85.8W,25,-999,20.03,-85.13,1951
21,22,19511012,Item,600,TD,15.5N,80.2W,30,-999,15.08,-80.03,1951
22,23,19511015,Jig,600,TS,27.7N,76.0W,50,-999,27.12,-76.0,1951
23,24,19520818,Able,600,TD,14.6N,19.0W,25,-999,14.1,-19.0,1952
24,25,19520831,Baker,600,TS,15.4N,53.9W,50,-999,15.07,-53.15,1952
25,26,19520924,Charlie,0,TD,20.0N,69.2W,30,-999,20.0,-69.03,1952
26,27,19520924,Dog,1200,TD,12.6N,48.7W,30,-999,12.1,-48.12,1952
27,28,19521006,Easy,1200,TD,15.2N,51.0W,30,-999,15.03,-51.0,1952
28,29,19521020,Fox,1200,TD,11.4N,77.7W,25,-999,11.07,-77.12,1952
29,30,19530525,Alice,1800,TD,14.4N,81.8W,25,-999,14.07,-81.13,1953
30,31,19530811,Barbara,600,TD,22.8N,74.4W,25,-999,22.13,-74.07,1953
31,32,19530828,Carol,600,TD,14.0N,20.5W,25,-999,14.0,-20.08,1953
32,33,19530908,Dolly,600,TD,18.3N,65.1W,30,-999,18.05,-65.02,1953
33,34,19530915,Edna,0,TS,18.9N,64.0W,45,-999,18.15,-64.0,1953
34,35,19530923,Florence,1200,TS,15.0N,78.0W,40,-999,15.0,-78.0,1953
35,36,19531002,Gail,600,TS,13.1N,35.5W,45,-999,13.02,-35.08,1953
36,37,19531007,Hazel,600,TD,20.5N,86.4W,25,-999,20.08,-86.07,1953
37,38,19540624,Alice,1200,TS,22.2N,93.7W,50,-999,22.03,-93.12,1954
38,39,19540727,Barbara,1200,TD,27.8N,90.1W,25,-999,27.13,-90.02,1954
39,40,19540825,Carol,1200,TD,23.8N,75.0W,30,-999,23.13,-75.0,1954
40,41,19540831,Dolly,1200,TS,20.5N,68.6W,35,-999,20.08,-68.1,1954
41,42,19540905,Edna,0,TD,19.8N,65.3W,25,-999,19.13,-65.05,1954
42,43,19540910,Florence,1200,TD,22.5N,94.5W,30,-999,22.08,-94.08,1954
43,44,19540924,Gilda,1800,TS,14.1N,75.8W,35,-999,14.02,-75.13,1954
44,45,19541005,Hazel,600,TS,12.0N,58.5W,40,-999,12.0,-58.08,1954
45,46,19550101,Alice,0,HU,20.1N,56.8W,70,-999,20.02,-56.13,1955
46,47,19550731,Brenda,600,TD,27.5N,87.5W,30,-999,27.08,-87.08,1955
47,48,19550803,Connie,600,TD,15.3N,40.0W,30,-999,15.05,-40.0,1955
48,49,19550807,Diane,600,TD,15.7N,41.2W,25,-999,15.12,-41.03,1955
49,50,19550821,Edith,1200,TD,11.4N,42.0W,25,-999,11.07,-42.0,1955
50,51,19550902,Flora,600,TS,19.0N,31.1W,35,-999,19.0,-31.02,1955
51,52,19550903,Gladys,1800,TD,19.5N,93.3W,25,-999,19.08,-93.05,1955
52,53,19550910,Ione,600,TD,13.6N,41.4W,25,-999,13.1,-41.07,1955
53,54,19550912,Hilda,0,TS,19.2N,66.1W,40,-999,19.03,-66.02,1955
54,55,19550921,Janet,1200,TS,13.2N,52.6W,40,-999,13.03,-52.1,1955
55,56,19551014,Katie,1800,TD,12.5N,79.3W,25,-999,12.08,-79.05,1955
56,57,19560725,Anna,1800,TD,20.8N,92.5W,30,-999,20.13,-92.08,1956
57,58,19560809,Betsy,600,TS,13.5N,47.2W,50,-999,13.08,-47.03,1956
58,59,19560907,Carla,0,TD,24.8N,75.0W,30,-999,24.13,-75.0,1956
59,60,19560910,Dora,600,TD,20.5N,91.1W,30,-999,20.08,-91.02,1956
60,61,19560911,Ethel,1800,TD,23.5N,75.7W,25,-999,23.08,-75.12,1956
61,62,19560920,Flossy,1800,TD,18.0N,86.5W,25,-999,18.0,-86.08,1956
62,63,19561031,Greta,0,TD,20.0N,74.7W,25,-999,20.0,-74.12,1956
63,64,19570624,Audrey,1200,TD,21.0N,93.0W,30,-999,21.0,-93.0,1957
64,65,19570808,Bertha,0,TD,27.0N,87.4W,25,-999,27.0,-87.07,1957
65,66,19570902,Carrie,600,TD,13.0N,21.3W,25,-999,13.0,-21.05,1957
66,67,19570907,Debbie,600,TS,23.9N,89.8W,35,-999,23.15,-89.13,1957
67,68,19570916,Esther,0,TD,20.8N,93.0W,30,-999,20.13,-93.0,1957
68,69,19570920,Frieda,1200,TD,31.7N,65.8W,25,-999,31.12,-65.13,1957
69,70,19580614,Alma,600,TD,21.1N,94.5W,30,-999,21.02,-94.08,1958
70,71,19580808,Becky,1200,TD,16.5N,20.5W,25,-999,16.08,-20.08,1958
71,72,19580811,Cleo,600,TD,12.0N,20.5W,25,-999,12.0,-20.08,1958
72,73,19580823,Daisy,1800,TD,25.0N,73.0W,25,-999,25.0,-73.0,1958
73,74,19580830,Ella,600,TD,12.5N,58.0W,30,-999,12.08,-58.0,1958
74,75,19580904,Fifi,1200,TD,10.1N,44.8W,25,-999,10.02,-44.13,1958
75,76,19580914,Gerda,600,TS,17.4N,67.5W,40,-999,17.07,-67.08,1958
76,77,19580921,Helene,600,TD,17.0N,52.0W,25,-999,17.0,-52.0,1958
77,78,19580924,Ilsa,600,TS,17.5N,51.5W,50,-999,17.08,-51.08,1958
78,79,19581004,Janice,1200,TD,18.5N,81.1W,30,-999,18.08,-81.02,1958
79,80,19590528,Arlene,600,TD,23.3N,86.5W,25,-999,23.05,-86.08,1959
80,81,19590615,Beulah,1800,TS,21.1N,94.7W,35,-999,21.02,-94.12,1959
81,82,19590704,Cindy,1200,TD,31.5N,79.0W,25,-999,31.08,-79.0,1959
82,83,19590722,Debra,1800,TD,27.5N,91.2W,25,-999,27.08,-91.03,1959
83,84,19590818,Edith,0,TS,14.3N,57.9W,35,1007,14.05,-57.15,1959
84,85,19590909,Flora,600,TD,16.8N,45.8W,25,-999,16.13,-45.13,1959
85,86,19590920,Gracie,1200,TD,19.8N,68.3W,25,1009,19.13,-68.05,1959
86,87,19590927,Hannah,1200,TD,26.8N,49.9W,30,-999,26.13,-49.15,1959
87,88,19591006,Irene,1800,TD,23.2N,92.5W,30,-999,23.03,-92.08,1959
88,89,19591014,Judith,600,TD,14.0N,73.5W,30,-999,14.0,-73.08,1959
89,90,19600709,Abby,1200,TS,12.0N,55.8W,40,-999,12.0,-55.13,1960
90,91,19600727,Brenda,1800,TD,27.7N,85.1W,30,-999,27.12,-85.02,1960
91,92,19600817,Cleo,1800,TD,26.0N,74.7W,25,-999,26.0,-74.12,1960
92,93,19600829,Donna,1800,TD,10.2N,22.8W,25,-999,10.03,-22.13,1960
93,94,19600912,Ethel,1800,TD,22.0N,93.0W,25,-999,22.0,-93.0,1960
94,95,19600917,Florence,600,TD,20.9N,64.0W,25,-999,20.15,-64.0,1960
95,96,19610717,Anna,1800,TD,10.5N,46.0W,30,-999,10.08,-46.0,1961
96,97,19610902,Betsy,600,TS,13.3N,41.6W,55,-999,13.05,-41.1,1961
97,98,19610903,Carla,1200,TD,12.5N,77.0W,25,-999,12.08,-77.0,1961
98,99,19610905,Debbie,1200,TD,13.5N,17.7W,30,-999,13.08,-17.12,1961
99,100,19610910,Esther,1200,TD,11.2N,31.0W,30,-999,11.03,-31.0,1961
100,101,19610930,Frances,600,TS,16.0N,58.0W,35,-999,16.0,-58.0,1961
101,102,19611017,Gerda,0,TD,19.7N,77.9W,30,1003,19.12,-77.15,1961
102,103,19611026,Hattie,0,TD,10.5N,79.0W,25,-999,10.08,-79.0,1961
103,104,19611102,Jenny,0,TD,22.5N,59.0W,30,-999,22.08,-59.0,1961
104,105,19611104,Inga,0,TS,19.7N,94.3W,40,-999,19.12,-94.05,1961
105,106,19620826,Alma,1200,TD,25.7N,79.7W,25,-999,25.12,-79.12,1962
106,107,19620827,Becky,600,TS,16.0N,18.0W,40,-999,16.0,-18.0,1962
107,108,19620912,Celia,0,TS,15.9N,45.9W,35,-999,15.15,-45.15,1962
108,109,19620929,Daisy,600,TD,14.5N,48.9W,25,-999,14.08,-48.15,1962
109,110,19621014,Ella,600,TD,22.5N,73.0W,30,-999,22.08,-73.0,1962
110,111,19630731,Arlene,1800,TD,11.0N,39.4W,25,-999,11.0,-39.07,1963
111,112,19630820,Beulah,0,TD,11.2N,47.4W,25,-999,11.03,-47.07,1963
112,113,19630916,Cindy,1200,TS,26.7N,93.7W,40,-999,26.12,-93.12,1963
113,114,19630919,Debra,600,TD,14.0N,38.3W,25,-999,14.0,-38.05,1963
114,115,19630923,Edith,1200,TD,11.2N,51.5W,25,-999,11.03,-51.08,1963
115,116,19630928,Flora,1200,TD,9.2N,46.3W,30,-999,9.03,-46.05,1963
116,117,19631017,Ginny,1800,TD,25.5N,72.0W,20,-999,25.08,-72.0,1963
117,118,19631025,Helena,600,TD,14.8N,58.3W,25,-999,14.13,-58.05,1963
118,119,19640805,Abby,1800,TD,27.3N,87.7W,25,-999,27.05,-87.12,1964
119,120,19640808,Brenda,600,TD,33.0N,67.0W,30,-999,33.0,-67.0,1964
120,121,19640820,Cleo,1800,TS,13.1N,44.3W,40,1003,13.02,-44.05,1964
121,122,19640828,Dora,1200,TD,14.0N,17.0W,30,-999,14.0,-17.0,1964
122,123,19640904,Ethel,600,TD,17.7N,35.6W,25,-999,17.12,-35.1,1964
123,124,19640905,Florence,600,TD,14.5N,18.0W,30,1004,14.08,-18.0,1964
124,125,19640913,Gladys,600,TS,14.7N,44.5W,55,-999,14.12,-44.08,1964
125,126,19640928,Hilda,1200,TD,21.2N,80.0W,25,-999,21.03,-80.0,1964
126,127,19641009,Isbell,600,TD,15.5N,83.0W,30,-999,15.08,-83.0,1964
127,128,19650821,Anna,600,TS,32.4N,52.3W,35,-999,32.07,-52.05,1965
128,129,19650827,Betsy,0,TD,11.0N,50.5W,25,-999,11.0,-50.08,1965
129,130,19650916,Carol,600,TD,13.3N,20.1W,25,-999,13.05,-20.02,1965
130,131,19650924,Debbie,1200,TD,17.3N,85.0W,25,-999,17.05,-85.0,1965
131,132,19651012,Elena,1200,TD,16.5N,47.5W,30,-999,16.08,-47.08,1965
132,133,19660604,Alma,600,TD,12.7N,84.0W,25,-999,12.12,-84.0,1966
133,134,19660701,Becky,1800,TD,32.4N,57.8W,25,-999,32.07,-57.13,1966
134,135,19660713,Celia,1200,TD,19.1N,59.5W,25,-999,19.02,-59.08,1966
135,136,19660722,Ella,1200,TD,10.0N,35.0W,25,-999,10.0,-35.0,1966
136,137,19660722,Dorothy,1800,TD,31.0N,41.0W,25,-999,31.0,-41.0,1966
137,138,19660821,Faith,0,TD,12.9N,20.5W,25,-999,12.15,-20.08,1966
138,139,19660901,Greta,1200,TD,13.7N,48.4W,25,-999,13.12,-48.07,1966
139,140,19660920,Hallie,1200,TD,21.5N,95.4W,30,-999,21.08,-95.07,1966
140,141,19660921,Inez,1200,TD,9.9N,35.1W,25,-999,9.15,-35.02,1966
141,142,19660927,Judith,0,TD,10.8N,43.2W,25,-999,10.13,-43.03,1966
142,143,19661104,Lois,1200,TD,26.5N,50.0W,25,-999,26.08,-50.0,1966
143,144,19670828,Arlene,1800,TD,15.8N,35.8W,30,-999,15.13,-35.13,1967
144,145,19670905,Chloe,0,TD,15.4N,20.3W,30,-999,15.07,-20.05,1967
145,146,19670905,Beulah,1200,TD,14.0N,57.0W,30,-999,14.0,-57.0,1967
146,147,19670908,Doria,0,TD,28.5N,77.5W,25,1010,28.08,-77.08,1967
147,148,19670926,Edith,1200,TD,12.5N,47.0W,30,-999,12.08,-47.0,1967
148,149,19671001,Fern,1800,TD,20.3N,93.0W,25,1005,20.05,-93.0,1967
149,150,19671005,Ginger,1200,TD,17.0N,18.3W,30,-999,17.0,-18.05,1967
150,151,19671019,Heidi,1200,TD,20.5N,54.0W,25,-999,20.08,-54.0,1967
151,152,19680601,Abby,600,TD,17.2N,85.5W,30,-999,17.03,-85.08,1968
152,153,19680617,Brenda,1200,TD,24.0N,80.5W,25,-999,24.0,-80.08,1968
153,154,19680622,Candy,1800,TD,20.0N,96.0W,25,-999,20.0,-96.0,1968
154,155,19680810,Dolly,0,TD,25.0N,79.0W,25,1013,25.0,-79.0,1968
155,156,19680911,Edna,1800,TD,12.7N,21.1W,25,-999,12.12,-21.02,1968
156,157,19680923,Frances,1200,TD,26.0N,74.0W,25,-999,26.0,-74.0,1968
157,158,19681013,Gladys,1200,TD,14.0N,80.5W,25,-999,14.0,-80.08,1968
158,159,19690725,Anna,600,TD,9.2N,27.0W,30,-999,9.03,-27.0,1969
159,160,19690811,Blanche,0,TD,28.1N,71.7W,30,-999,28.02,-71.12,1969
160,161,19690814,Debbie,1200,TD,13.0N,35.5W,25,-999,13.0,-35.08,1969
161,162,19690814,Camille,0,TD,18.3N,79.7W,30,-999,18.05,-79.12,1969
162,163,19690825,Eve,0,TD,29.5N,78.5W,30,-999,29.08,-78.08,1969
163,164,19690829,Francelia,0,TD,11.5N,62.0W,30,-999,11.08,-62.0,1969
164,165,19690906,Gerda,0,TD,24.5N,77.0W,25,1015,24.08,-77.0,1969
165,166,19690914,Holly,1200,TD,11.9N,47.4W,25,-999,11.15,-47.07,1969
166,167,19690920,Inga,1200,TD,16.0N,47.0W,25,-999,16.0,-47.0,1969
167,168,19691001,Jenny,1200,TD,19.0N,83.7W,25,-999,19.0,-83.12,1969
168,169,19691007,Kara,1200,TD,20.5N,68.0W,25,-999,20.08,-68.0,1969
169,170,19691017,Laurie,0,TD,17.3N,85.1W,25,1007,17.05,-85.02,1969
170,171,19691121,Martha,1200,TS,10.3N,81.0W,45,-999,10.05,-81.0,1969
171,172,19700517,Alma,1800,TD,11.5N,79.0W,25,-999,11.08,-79.0,1970
172,173,19700719,Becky,0,TD,18.5N,83.5W,25,-999,18.08,-83.08,1970
173,174,19700731,Celia,0,TD,18.5N,82.5W,25,1008,18.08,-82.08,1970
174,175,19700817,Dorothy,1200,TD,11.0N,41.0W,25,-999,11.0,-41.0,1970
175,176,19700908,Ella,1200,TD,15.3N,83.5W,25,-999,15.05,-83.08,1970
176,177,19700912,Felice,0,TD,25.5N,77.5W,25,-999,25.08,-77.08,1970
177,178,19700926,Greta,1200,TS,22.4N,75.4W,35,1010,22.07,-75.07,1970
178,179,19710704,Arlene,1200,TD,33.5N,75.5W,25,-999,33.08,-75.08,1971
179,180,19710810,Beth,1200,TD,26.7N,79.9W,20,-999,26.12,-79.15,1971
180,181,19710818,Chloe,1200,TD,13.0N,52.5W,30,1007,13.0,-52.08,1971
181,182,19710820,Doria,1200,TD,11.5N,47.0W,25,-999,11.08,-47.0,1971
182,183,19710903,Fern,1200,TD,27.5N,87.5W,25,-999,27.08,-87.08,1971
183,184,19710905,Edith,1800,TD,11.4N,58.0W,25,1010,11.07,-58.0,1971
184,185,19710906,Ginger,0,TD,25.5N,71.5W,25,-999,25.08,-71.08,1971
185,186,19710911,Heidi,0,TD,27.1N,72.0W,30,-999,27.02,-72.0,1971
186,187,19710911,Irene,1800,TD,11.0N,48.5W,25,1009,11.0,-48.08,1971
187,188,19710921,Janice,600,TD,11.5N,38.8W,25,-999,11.08,-38.13,1971
188,189,19711018,Kristy,0,TD,25.0N,58.5W,25,-999,25.0,-58.08,1971
189,190,19711112,Laura,1200,TD,12.0N,78.5W,25,-999,12.0,-78.08,1971
190,191,19720523,Alpha,1800,SD,31.2N,78.2W,25,1004,31.03,-78.03,1972
191,192,19720614,Agnes,1200,TD,20.0N,89.0W,25,-999,20.0,-89.0,1972
192,193,19720822,Betty,1200,SD,36.5N,64.0W,30,-999,36.08,-64.0,1972
193,194,19720829,Carrie,1200,TD,29.0N,78.5W,30,1012,29.0,-78.08,1972
194,195,19720905,Dawn,0,TD,23.8N,79.4W,30,-999,23.13,-79.07,1972
195,196,19720919,Charlie,1200,SD,37.5N,59.5W,25,-999,37.08,-59.08,1972
196,197,19721101,Delta,1800,SD,35.0N,47.5W,25,1013,35.0,-47.08,1972
197,198,19730701,Alice,1800,TD,26.0N,67.8W,30,1006,26.0,-67.13,1973
198,199,19730730,Alfa,1200,SD,32.6N,74.1W,25,1013,32.1,-74.02,1973
199,200,19730818,Brenda,600,TD,20.5N,83.7W,30,-999,20.08,-83.12,1973
200,201,19730825,Christine,1200,TD,11.0N,14.0W,30,-999,11.0,-14.0,1973
201,202,19730901,Delia,1800,TD,20.5N,86.5W,30,1008,20.08,-86.08,1973
202,203,19730914,Ellen,1200,TD,10.5N,22.4W,30,-999,10.08,-22.07,1973
203,204,19731008,Fran,1800,SD,30.0N,65.8W,30,1008,30.0,-65.13,1973
204,205,19731016,Gilda,600,TD,16.3N,82.0W,30,1008,16.05,-82.0,1973
205,206,19740812,Alma,1200,TD,10.5N,43.0W,25,1010,10.08,-43.0,1974
206,207,19740826,Becky,1200,TD,27.0N,69.0W,25,-999,27.0,-69.0,1974
207,208,19740829,Carmen,600,TD,16.8N,55.8W,30,1011,16.13,-55.13,1974
208,209,19740902,Dolly,1800,TD,27.2N,67.9W,30,-999,27.03,-67.15,1974
209,210,19740904,Elaine,1800,TD,14.7N,50.5W,25,-999,14.12,-50.08,1974
210,211,19740914,Fifi,1200,TD,15.3N,65.0W,30,-999,15.05,-65.0,1974
211,212,19740927,Gertrude,1200,TD,10.7N,45.1W,30,-999,10.12,-45.02,1974
212,213,19750627,Amy,0,TD,27.5N,79.0W,25,1013,27.08,-79.0,1975
213,214,19750724,Blanche,0,TD,26.0N,68.4W,20,1014,26.0,-68.07,1975
214,215,19750824,Caroline,1200,TD,22.4N,69.8W,25,1011,22.07,-69.13,1975
215,216,19750828,Doris,1200,SS,33.3N,46.3W,35,1005,33.05,-46.05,1975
216,217,19750913,Eloise,600,TD,17.5N,54.1W,25,-999,17.08,-54.02,1975
217,218,19750918,Faye,600,TD,17.5N,33.5W,25,-999,17.08,-33.08,1975
218,219,19750922,Gladys,1800,TD,10.3N,34.8W,25,1012,10.05,-34.13,1975
219,220,19751024,Hallie,1800,SD,29.1N,79.3W,30,1006,29.02,-79.05,1975
220,221,19760728,Anna,1800,SD,28.0N,52.3W,20,1015,28.0,-52.05,1976
221,222,19760806,Belle,600,TD,26.0N,72.8W,25,1012,26.0,-72.13,1976
222,223,19760818,Dottie,0,TD,26.0N,84.0W,20,1010,26.0,-84.0,1976
223,224,19760818,Candice,1200,TD,31.7N,68.2W,30,1007,31.12,-68.03,1976
224,225,19760820,Emmy,1200,TD,14.0N,48.0W,20,1012,14.0,-48.0,1976
225,226,19760827,Frances,1200,TD,12.5N,37.5W,25,1009,12.08,-37.08,1976
226,227,19760926,Gloria,1200,TD,23.0N,58.0W,20,1009,23.0,-58.0,1976
227,228,19761022,Holly,1800,TD,19.1N,55.8W,25,1006,19.02,-55.13,1976
228,229,19770829,Anita,1200,TD,26.9N,88.4W,20,1012,26.15,-88.07,1977
229,230,19770903,Babe,600,SD,26.8N,86.3W,25,1007,26.13,-86.05,1977
230,231,19770905,Clara,1200,TD,32.8N,80.0W,20,1015,32.13,-80.0,1977
231,232,19770926,Dorothy,1800,TD,28.5N,71.5W,20,1010,28.08,-71.08,1977
232,233,19771013,Evelyn,1800,TD,26.9N,62.9W,30,1010,26.15,-62.15,1977
233,234,19771016,Frieda,1800,TD,17.3N,83.2W,25,1011,17.05,-83.03,1977
234,235,19780730,Amelia,1800,TD,25.7N,97.0W,30,1006,25.12,-97.0,1978
235,236,19780805,Bess,1200,TD,25.3N,90.4W,20,1012,25.05,-90.07,1978
236,237,19780807,Cora,1200,TD,13.0N,35.0W,25,1010,13.0,-35.0,1978
237,238,19780826,Debra,1200,TD,23.4N,88.4W,25,1010,23.07,-88.07,1978
238,239,19780830,Ella,0,TD,26.2N,59.7W,20,1012,26.03,-59.12,1978
239,240,19780904,Flossie,0,TD,12.0N,39.0W,25,1006,12.0,-39.0,1978
240,241,19780912,Hope,0,SD,29.8N,80.0W,25,1012,29.13,-80.0,1978
241,242,19780913,Greta,1800,TD,11.0N,62.5W,25,-999,11.0,-62.08,1978
242,243,19781002,Irma,1200,SD,31.7N,31.5W,30,1010,31.12,-31.08,1978
243,244,19781007,Juliet,1800,TD,18.0N,55.6W,25,1011,18.0,-55.1,1978
244,245,19781028,Kendra,1800,TD,23.5N,72.7W,30,1008,23.08,-72.12,1978
245,246,19790619,Ana,1200,TD,10.0N,45.0W,25,1011,10.0,-45.0,1979
246,247,19790709,Bob,1200,TD,22.0N,96.0W,20,1012,22.0,-96.0,1979
247,248,19790715,Claudette,1200,TD,12.5N,46.3W,20,1014,12.08,-46.05,1979
248,249,19790825,David,1200,TD,11.7N,36.1W,25,1008,11.12,-36.02,1979
249,250,19790829,Frederic,600,TD,11.0N,25.5W,25,1009,11.0,-25.08,1979
250,251,19790830,Elena,0,TD,25.5N,89.1W,25,1008,25.08,-89.02,1979
251,252,19790904,Gloria,1200,TD,15.5N,21.0W,25,1005,15.08,-21.0,1979
252,253,19790915,Henri,0,TD,20.3N,86.8W,25,1003,20.05,-86.13,1979
253,254,19800731,Allen,1200,DB,11.0N,30.0W,25,-999,11.0,-30.0,1980
254,255,19800814,Bonnie,0,TD,12.7N,35.5W,25,1010,12.12,-35.08,1980
255,256,19800820,Charley,1200,SD,36.0N,73.0W,25,1010,36.0,-73.0,1980
256,257,19800901,Georges,0,TD,15.6N,38.0W,30,1010,15.1,-38.0,1980
257,258,19800904,Earl,1200,TD,17.7N,24.0W,25,1008,17.12,-24.0,1980
258,259,19800904,Danielle,1800,TD,28.3N,90.6W,25,1010,28.05,-90.1,1980
259,260,19800906,Frances,0,TD,12.5N,19.0W,25,1010,12.08,-19.0,1980
260,261,19800920,Hermine,1200,TD,14.6N,77.2W,25,1008,14.1,-77.03,1980
261,262,19801001,Ivan,0,EX,33.6N,20.0W,25,1010,33.1,-20.0,1980
262,263,19801107,Jeanne,1800,DB,13.6N,82.6W,20,1008,13.1,-82.1,1980
263,264,19801125,Karl,0,SS,36.0N,46.0W,50,988,36.0,-46.0,1980
264,265,19810506,Arlene,1800,TD,18.4N,83.6W,30,1006,18.07,-83.1,1981
265,266,19810629,Bret,1200,SS,36.0N,65.0W,35,1012,36.0,-65.0,1981
266,267,19810802,Cindy,1800,SD,36.1N,67.8W,30,1010,36.02,-67.13,1981
267,268,19810807,Dennis,600,TD,10.5N,25.7W,30,1009,10.08,-25.12,1981
268,269,19810831,Emily,1200,SD,29.8N,72.7W,30,1008,29.13,-72.12,1981
269,270,19810903,Floyd,1200,TD,16.2N,60.3W,20,1010,16.03,-60.05,1981
270,271,19810907,Gert,0,TD,14.8N,54.0W,25,1013,14.13,-54.0,1981
271,272,19810911,Harvey,1800,TD,14.0N,49.0W,25,1009,14.0,-49.0,1981
272,273,19810921,Irene,1200,TD,13.5N,32.5W,25,1015,13.08,-32.08,1981
273,274,19811029,Jose,1200,TD,25.0N,47.5W,25,1010,25.0,-47.08,1981
274,275,19811103,Katrina,0,TD,16.9N,81.2W,25,1005,16.15,-81.03,1981
275,276,19820602,Alberto,1200,TD,21.7N,87.1W,20,1005,21.12,-87.02,1982
276,277,19820828,Beryl,1200,TD,13.7N,22.2W,30,1008,13.12,-22.03,1982
277,278,19820909,Chris,0,SD,26.2N,91.0W,25,1010,26.03,-91.0,1982
278,279,19820913,Debby,1200,TD,19.8N,69.5W,30,1010,19.13,-69.08,1982
279,280,19820930,Ernesto,1200,TD,24.8N,65.4W,30,1006,24.13,-65.07,1982
280,281,19830815,Alicia,1200,TD,27.3N,90.5W,30,1009,27.05,-90.08,1983
281,282,19830823,Barry,1800,TD,26.0N,76.0W,25,1012,26.0,-76.0,1983
282,283,19830910,Chantal,1200,TD,30.2N,64.4W,25,1010,30.03,-64.07,1983
283,284,19830926,Dean,1800,SS,28.0N,73.0W,35,1010,28.0,-73.0,1983
284,285,19840828,Arthur,1800,TD,10.5N,51.0W,25,1010,10.08,-51.0,1984
285,286,19840830,Bertha,1200,TD,13.1N,41.0W,25,1009,13.02,-41.0,1984
286,287,19840831,Cesar,0,SD,36.6N,66.9W,25,1008,36.1,-66.15,1984
287,288,19840908,Diana,1200,TS,28.5N,77.4W,35,1008,28.08,-77.07,1984
288,289,19840914,Edouard,0,TD,20.3N,96.1W,30,1000,20.05,-96.02,1984
289,290,19840915,Fran,1200,TD,13.7N,21.3W,25,1010,13.12,-21.05,1984
290,291,19840916,Gustav,1800,TD,28.6N,65.5W,30,1009,28.1,-65.08,1984
291,292,19840923,Hortense,0,SD,31.3N,58.3W,30,1009,31.05,-58.05,1984
292,293,19840925,Isidore,1200,TD,23.4N,73.0W,30,1003,23.07,-73.0,1984
293,294,19841007,Josephine,600,SD,24.1N,68.9W,25,1010,24.02,-68.15,1984
294,295,19841105,Klaus,1800,TD,14.7N,68.8W,15,1004,14.12,-68.13,1984
295,296,19841212,Lili,1200,SS,34.5N,60.5W,50,995,34.08,-60.08,1984
296,297,19850715,Ana,1800,TD,29.4N,64.2W,30,1011,29.07,-64.03,1985
297,298,19850721,Bob,600,TD,26.0N,85.0W,25,1012,26.0,-85.0,1985
298,299,19850809,Claudette,1800,SD,31.5N,80.5W,25,1013,31.08,-80.08,1985
299,300,19850812,Danny,0,TD,18.5N,80.7W,25,1010,18.08,-80.12,1985
300,301,19850828,Elena,0,TD,19.8N,74.0W,30,1012,19.13,-74.0,1985
301,302,19850915,Fabian,1800,TD,23.6N,70.8W,25,1008,23.1,-70.13,1985
302,303,19850916,Gloria,1200,TD,13.3N,23.6W,25,1009,13.05,-23.1,1985
303,304,19850921,Henri,1800,TD,29.6N,74.3W,25,1008,29.1,-74.05,1985
304,305,19851007,Isabel,0,TD,17.8N,69.2W,30,1006,17.13,-69.03,1985
305,306,19851026,Juan,0,TD,24.5N,90.5W,30,1005,24.08,-90.08,1985
306,307,19851115,Kate,1800,TS,21.1N,63.8W,35,999,21.02,-63.13,1985
307,308,19860605,Andrew,0,SD,26.2N,75.8W,30,1007,26.03,-75.13,1986
308,309,19860623,Bonnie,1800,TD,25.6N,87.2W,25,1014,25.1,-87.03,1986
309,310,19860813,Charley,1200,SD,30.1N,84.0W,10,1009,30.02,-84.0,1986
310,311,19860907,Danielle,600,TD,10.5N,52.0W,25,1008,10.08,-52.0,1986
311,312,19860910,Earl,1800,TD,21.8N,50.8W,30,1010,21.13,-50.13,1986
312,313,19861118,Frances,1800,TD,22.8N,62.8W,30,1009,22.13,-62.13,1986
313,314,19870808,Arlene,0,LO,34.3N,77.5W,10,1016,34.05,-77.08,1987
314,315,19870818,Bret,0,TD,14.8N,20.0W,25,1011,14.13,-20.0,1987
315,316,19870905,Cindy,1200,TD,15.2N,31.3W,25,1011,15.03,-31.05,1987
316,317,19870908,Dennis,1800,TD,10.8N,18.4W,25,1012,10.13,-18.07,1987
317,318,19870920,Emily,0,TD,9.8N,51.3W,25,1008,9.13,-51.05,1987
318,319,19871009,Floyd,600,TD,15.0N,82.6W,25,1004,15.0,-82.1,1987
319,320,19880805,Alberto,1800,TD,32.0N,77.5W,20,1015,32.0,-77.08,1988
320,321,19880808,Beryl,0,TD,30.4N,90.3W,25,1010,30.07,-90.05,1988
321,322,19880821,Chris,1200,TD,14.9N,43.3W,25,1009,14.15,-43.05,1988
322,323,19880831,Debby,1800,TD,20.1N,91.0W,25,1006,20.02,-91.0,1988
323,324,19880903,Ernesto,0,TD,32.5N,60.5W,25,1016,32.08,-60.08,1988
324,325,19880907,Florence,600,TD,22.8N,92.0W,25,1000,22.13,-92.0,1988
325,326,19880908,Gilbert,1800,TD,12.0N,54.0W,25,1008,12.0,-54.0,1988
326,327,19880919,Helene,1800,TD,13.4N,31.6W,30,1009,13.07,-31.1,1988
327,328,19880928,Isaac,1800,TD,9.0N,45.5W,25,1009,9.0,-45.08,1988
328,329,19881010,Joan,1800,TD,8.9N,42.2W,25,1010,8.15,-42.03,1988
329,330,19881117,Keith,1800,TD,14.9N,74.3W,30,1008,14.15,-74.05,1988
330,331,19890624,Allison,1800,TD,27.0N,96.0W,30,1008,27.0,-96.0,1989
331,332,19890709,Barry,1800,TD,12.8N,37.8W,25,1015,12.13,-37.13,1989
332,333,19890730,Chantal,1200,TD,22.5N,90.0W,20,1011,22.08,-90.0,1989
333,334,19890731,Dean,600,TD,14.8N,41.8W,25,1010,14.13,-41.13,1989
334,335,19890818,Erin,0,TD,14.3N,22.4W,25,1012,14.05,-22.07,1989
335,336,19890826,Felix,0,TD,16.8N,21.0W,25,1009,16.13,-21.0,1989
336,337,19890830,Gabrielle,1200,TD,11.6N,21.0W,25,1011,11.1,-21.0,1989
337,338,19890910,Hugo,1200,TD,13.2N,20.0W,25,1010,13.03,-20.0,1989
338,339,19890916,Iris,1800,TD,11.3N,44.0W,25,1017,11.05,-44.0,1989
339,340,19891012,Jerry,1200,TD,19.4N,92.4W,25,1009,19.07,-92.07,1989
340,341,19891128,Karen,1200,TD,17.1N,84.0W,25,1005,17.02,-84.0,1989
341,342,19900722,Arthur,600,TD,8.8N,41.9W,25,1010,8.13,-41.15,1990
342,343,19900724,Bertha,1200,SD,34.0N,75.0W,20,1012,34.0,-75.0,1990
343,344,19900731,Cesar,0,TD,10.1N,22.2W,25,1014,10.02,-22.03,1990
344,345,19900802,Edouard,1800,SD,38.0N,23.0W,30,1015,38.0,-23.0,1990
345,346,19900804,Diana,0,TD,13.2N,79.5W,25,1009,13.03,-79.08,1990
346,347,19900811,Fran,1200,TD,9.0N,32.1W,25,1010,9.0,-32.02,1990
347,348,19900824,Gustav,600,TD,12.6N,45.9W,25,1010,12.1,-45.15,1990
348,349,19900825,Hortense,0,TD,12.5N,35.0W,25,1010,12.08,-35.0,1990
349,350,19900904,Isidore,0,TD,7.2N,23.4W,25,1010,7.03,-23.07,1990
350,351,19900921,Josephine,600,TD,14.0N,32.0W,30,1009,14.0,-32.0,1990
351,352,19901003,Klaus,1200,TD,15.6N,59.3W,30,1008,15.1,-59.05,1990
352,353,19901006,Lili,600,SS,36.0N,44.0W,45,1000,36.0,-44.0,1990
353,354,19901009,Marco,1200,TD,22.5N,79.5W,25,1004,22.08,-79.08,1990
354,355,19901016,Nana,0,TD,22.2N,60.4W,25,1009,22.03,-60.07,1990
355,356,19910629,Ana,1200,LO,25.9N,78.0W,20,1012,25.15,-78.0,1991
356,357,19910816,Bob,0,TD,25.6N,74.3W,25,1014,25.1,-74.05,1991
357,358,19910904,Claudette,1200,TD,26.7N,55.9W,25,1014,26.12,-55.15,1991
358,359,19910907,Danny,0,TD,10.4N,25.8W,25,1010,10.07,-25.13,1991
359,360,19910908,Erika,1800,TD,24.2N,49.1W,25,1011,24.03,-49.02,1991
360,361,19911015,Fabian,0,TD,18.9N,85.7W,25,1010,18.15,-85.12,1991
361,362,19911025,Grace,1800,SD,27.1N,64.9W,25,1008,27.02,-64.15,1991
362,363,19920816,Andrew,1800,TD,10.8N,35.5W,25,1010,10.13,-35.08,1992
363,364,19920917,Bonnie,1800,TD,33.8N,59.0W,30,1009,33.13,-59.0,1992
364,365,19920921,Charley,1800,TD,30.0N,33.0W,25,1012,30.0,-33.0,1992
365,366,19920922,Danielle,1200,TD,32.5N,74.6W,30,1009,32.08,-74.1,1992
366,367,19920926,Earl,1800,TD,26.2N,69.1W,25,1009,26.03,-69.02,1992
367,368,19921022,Frances,1200,EX,26.3N,60.8W,30,1009,26.05,-60.13,1992
368,369,19930618,Arlene,0,TD,20.5N,91.9W,25,1006,20.08,-91.15,1993
369,370,19930804,Bret,1200,TD,10.4N,40.3W,30,1010,10.07,-40.05,1993
370,371,19930814,Cindy,1200,TD,14.1N,59.5W,30,1012,14.02,-59.08,1993
371,372,19930822,Emily,1800,TD,19.9N,52.6W,30,1020,19.15,-52.1,1993
372,373,19930823,Dennis,1200,TD,13.6N,30.8W,25,1010,13.1,-30.13,1993
373,374,19930907,Floyd,1200,TD,24.7N,67.5W,25,1012,24.12,-67.08,1993
374,375,19930914,Gert,1800,TD,10.6N,80.7W,25,1008,10.1,-80.12,1993
375,376,19930918,Harvey,1800,TD,26.7N,61.8W,30,1014,26.12,-61.13,1993
376,377,19940630,Alberto,600,TD,21.7N,83.6W,25,1011,21.12,-83.1,1994
377,378,19940814,Beryl,1200,TD,28.7N,87.2W,20,1013,28.12,-87.03,1994
378,379,19940816,Chris,1200,TD,11.3N,39.4W,30,1010,11.05,-39.07,1994
379,380,19940909,Debby,1200,TD,13.1N,56.8W,25,1011,13.02,-56.13,1994
380,381,19940921,Ernesto,1800,TD,10.1N,29.9W,25,1010,10.02,-29.15,1994
381,382,19941102,Florence,0,SD,22.7N,47.0W,30,1011,22.12,-47.0,1994
382,383,19941108,Gordon,1200,TD,11.9N,82.3W,25,1009,11.15,-82.05,1994
383,384,19950603,Allison,0,TD,17.4N,84.3W,30,1005,17.07,-84.05,1995
384,385,19950705,Barry,600,TD,32.0N,72.0W,20,1019,32.0,-72.0,1995
385,386,19950712,Chantal,0,TD,17.1N,54.9W,25,1012,17.02,-54.15,1995
386,387,19950728,Dean,1800,TD,26.2N,86.6W,25,1009,26.03,-86.1,1995
387,388,19950731,Erin,0,TS,22.3N,73.2W,45,1004,22.05,-73.03,1995
388,389,19950808,Felix,0,TD,14.3N,30.8W,30,1010,14.05,-30.13,1995
389,390,19950809,Gabrielle,1800,TD,23.7N,94.8W,30,1007,23.12,-94.13,1995
390,391,19950822,Humberto,0,TD,13.2N,33.0W,30,1009,13.03,-33.0,1995
391,392,19950822,Iris,1200,TD,13.2N,49.3W,30,1008,13.03,-49.05,1995
392,393,19950822,Jerry,1800,TD,23.7N,78.7W,20,1010,23.12,-78.12,1995
393,394,19950826,Karen,1200,TD,15.4N,32.7W,30,1009,15.07,-32.12,1995
394,395,19950828,Luis,1800,TD,11.4N,27.5W,30,1008,11.07,-27.08,1995
395,396,19950912,Marilyn,1800,TD,11.7N,50.9W,30,1006,11.12,-50.15,1995
396,397,19950926,Noel,1800,TD,10.4N,37.7W,25,1007,10.07,-37.12,1995
397,398,19950927,Opal,1800,TD,19.1N,87.3W,25,1004,19.02,-87.05,1995
398,399,19951004,Pablo,1800,TD,8.3N,31.4W,30,1009,8.05,-31.07,1995
399,400,19951007,Roxanne,1800,TD,14.0N,82.1W,25,1005,14.0,-82.02,1995
400,401,19951020,Sebastien,1200,TD,13.8N,53.8W,25,1006,13.13,-53.13,1995
401,402,19951027,Tanya,0,TD,24.6N,59.2W,30,1004,24.1,-59.03,1995
402,403,19960617,Arthur,1800,TD,26.8N,77.8W,25,1010,26.13,-77.13,1996
403,404,19960705,Bertha,0,TD,9.8N,34.0W,30,1009,9.13,-34.0,1996
404,405,19960724,Cesar,1800,TD,11.8N,62.6W,25,1009,11.13,-62.1,1996
405,406,19960819,Dolly,600,TD,17.3N,80.2W,25,1009,17.05,-80.03,1996
406,407,19960819,Edouard,1800,TD,12.4N,19.9W,25,1007,12.07,-19.15,1996
407,408,19960823,Fran,1200,TD,14.0N,21.0W,25,1012,14.0,-21.0,1996
408,409,19960826,Gustav,0,TD,12.7N,23.0W,30,1008,12.12,-23.0,1996
409,410,19960903,Hortense,1200,TD,14.9N,41.0W,25,1006,14.15,-41.0,1996
410,411,19960924,Isidore,1200,TD,8.6N,23.3W,25,1008,8.1,-23.05,1996
411,412,19961004,Josephine,1800,TD,22.7N,96.2W,25,1003,22.12,-96.03,1996
412,413,19961011,Kyle,1200,TD,17.3N,86.5W,30,1006,17.05,-86.08,1996
413,414,19961014,Lili,1200,TD,12.8N,80.4W,25,1006,12.13,-80.07,1996
414,415,19961113,Marco,1200,LO,10.5N,77.5W,20,1009,10.08,-77.08,1996
415,416,19970630,Ana,1200,TD,32.0N,77.2W,30,1013,32.0,-77.03,1997
416,417,19970711,Bill,600,TD,30.4N,69.9W,30,1014,30.07,-69.15,1997
417,418,19970713,Claudette,0,EX,31.3N,73.6W,25,1012,31.05,-73.1,1997
418,419,19970716,Danny,1200,TD,27.4N,92.6W,25,1013,27.07,-92.1,1997
419,420,19970903,Erika,600,TD,10.9N,44.1W,30,1006,10.15,-44.02,1997
420,421,19971004,Fabian,1800,TD,24.2N,64.5W,25,1009,24.03,-64.08,1997
421,422,19971014,Grace,1200,TD,20.0N,68.7W,30,1002,20.0,-68.12,1997
422,423,19980727,Alex,1200,TD,11.3N,25.4W,25,1009,11.05,-25.07,1998
423,424,19980819,Bonnie,1200,TD,14.7N,48.1W,25,1009,14.12,-48.02,1998
424,425,19980821,Charley,600,TD,25.3N,92.3W,25,1008,25.05,-92.05,1998
425,426,19980824,Danielle,600,TD,13.4N,34.3W,25,1007,13.07,-34.05,1998
426,427,19980831,Earl,1200,TD,21.6N,93.5W,30,1005,21.1,-93.08,1998
427,428,19980908,Frances,1800,TD,25.5N,94.5W,30,1000,25.08,-94.08,1998
428,429,19980915,Georges,1200,TD,9.7N,25.1W,30,1009,9.12,-25.02,1998
429,430,19980917,Hermine,1200,TD,26.9N,90.3W,30,1001,26.15,-90.05,1998
430,431,19980919,Ivan,0,TD,13.4N,26.6W,25,1010,13.07,-26.1,1998
431,432,19980921,Jeanne,600,TD,9.6N,17.4W,30,1008,9.1,-17.07,1998
432,433,19980923,Karl,1200,TD,33.3N,65.4W,25,1003,33.05,-65.07,1998
433,434,19981005,Lisa,0,TD,13.9N,46.4W,30,1008,13.15,-46.07,1998
434,435,19981022,Mitch,0,TD,11.6N,76.1W,30,1002,11.1,-76.02,1998
435,436,19981124,Nicole,0,TD,28.3N,28.0W,30,1010,28.05,-28.0,1998
436,437,19990611,Arlene,1800,TD,27.1N,58.1W,30,1010,27.02,-58.02,1999
437,438,19990818,Bret,1800,TD,19.5N,94.4W,30,1010,19.08,-94.07,1999
438,439,19990819,Cindy,0,TD,13.5N,18.9W,30,1003,13.08,-18.15,1999
439,440,19990824,Dennis,0,TD,21.5N,67.7W,30,1009,21.08,-67.12,1999
440,441,19990824,Emily,600,TD,11.5N,53.6W,30,1007,11.08,-53.1,1999
441,442,19990907,Floyd,1800,TD,14.6N,45.6W,25,1008,14.1,-45.1,1999
442,443,19990911,Gert,1200,TD,12.6N,24.2W,30,1006,12.1,-24.03,1999
443,444,19990919,Harvey,600,TD,25.0N,87.8W,30,1005,25.0,-87.13,1999
444,445,19991012,Irene,1200,LO,15.9N,82.0W,20,1006,15.15,-82.0,1999
445,446,19991017,Jose,1800,TD,9.8N,50.8W,25,1006,9.13,-50.13,1999
446,447,19991028,Katrina,1800,TD,11.4N,80.9W,30,1001,11.07,-80.15,1999
447,448,19991113,Lenny,1800,TD,16.7N,81.6W,30,1003,16.12,-81.1,1999
448,449,20000803,Alberto,1800,TD,10.8N,18.0W,25,1007,10.13,-18.0,2000
449,450,20000813,Beryl,1800,TD,22.5N,93.5W,30,1008,22.08,-93.08,2000
450,451,20000817,Chris,1200,TD,14.2N,51.9W,25,1009,14.03,-51.15,2000
451,452,20000819,Debby,1800,TD,12.0N,44.5W,30,1010,12.0,-44.08,2000
452,453,20000901,Ernesto,1200,TD,14.8N,45.2W,25,1009,14.13,-45.03,2000
453,454,20000910,Florence,1800,SD,30.9N,70.9W,30,1007,30.15,-70.15,2000
454,455,20000914,Gordon,1200,TD,19.8N,87.3W,25,1008,19.13,-87.05,2000
455,456,20000915,Helene,1200,TD,14.9N,52.2W,25,1010,14.15,-52.03,2000
456,457,20000921,Isaac,1200,TD,11.5N,23.0W,30,1008,11.08,-23.0,2000
457,458,20000925,Joyce,1200,TD,11.2N,29.6W,25,1009,11.03,-29.1,2000
458,459,20000928,Keith,1800,TD,16.1N,82.9W,25,1005,16.02,-82.15,2000
459,460,20001004,Leslie,1200,SD,29.0N,81.4W,30,1012,29.0,-81.07,2000
460,461,20001015,Michael,1200,SD,30.0N,71.2W,30,1007,30.0,-71.03,2000
461,462,20001019,Nadine,1200,TD,26.2N,59.9W,25,1009,26.03,-59.15,2000
462,463,20010605,Allison,1200,TS,27.5N,95.0W,40,1007,27.08,-95.0,2001
463,464,20010802,Barry,1200,TD,25.7N,84.8W,30,1011,25.12,-84.13,2001
464,465,20010814,Chantal,1800,TD,12.8N,37.0W,25,1010,12.13,-37.0,2001
465,466,20010822,Dean,1200,TS,17.9N,64.3W,45,1010,17.15,-64.05,2001
466,467,20010901,Erin,1800,TD,12.5N,34.3W,30,1006,12.08,-34.05,2001
467,468,20010907,Felix,1800,TD,13.9N,28.4W,30,1008,13.15,-28.07,2001
468,469,20010911,Gabrielle,1800,TD,25.8N,84.1W,25,1010,25.13,-84.02,2001
469,470,20010921,Humberto,1200,TD,25.1N,64.2W,25,1012,25.02,-64.03,2001
470,471,20011004,Iris,1200,TD,12.3N,58.2W,25,1011,12.05,-58.03,2001
471,472,20011006,Jerry,1200,TD,10.6N,50.6W,25,1008,10.1,-50.1,2001
472,473,20011011,Karen,600,EX,27.5N,63.0W,30,1009,27.08,-63.0,2001
473,474,20011027,Lorenzo,1200,TD,27.2N,34.9W,30,1010,27.03,-34.15,2001
474,475,20011029,Michelle,1800,TD,13.3N,83.6W,30,1004,13.05,-83.1,2001
475,476,20011104,Noel,0,SS,33.9N,50.4W,45,988,33.15,-50.07,2001
476,477,20011123,Olga,600,EX,30.5N,51.0W,25,1003,30.08,-51.0,2001
477,478,20020714,Arthur,1800,TD,34.3N,76.8W,30,1009,34.05,-76.13,2002
478,479,20020804,Bertha,1800,TD,29.0N,88.5W,25,1012,29.0,-88.08,2002
479,480,20020805,Cristobal,1800,TD,32.0N,77.2W,30,1008,32.0,-77.03,2002
480,481,20020829,Dolly,1200,TD,9.5N,31.2W,30,1007,9.08,-31.03,2002
481,482,20020901,Edouard,1800,TD,29.2N,78.8W,30,1013,29.03,-78.13,2002
482,483,20020905,Fay,1800,TD,28.0N,93.8W,30,1009,28.0,-93.13,2002
483,484,20020908,Gustav,1200,SD,29.0N,71.0W,30,1009,29.0,-71.0,2002
484,485,20020912,Hanna,0,TD,26.3N,86.6W,30,1001,26.05,-86.1,2002
485,486,20020914,Isidore,1800,TD,10.0N,60.5W,25,1009,10.0,-60.08,2002
486,487,20020917,Josephine,1200,TD,32.7N,52.4W,30,1016,32.12,-52.07,2002
487,488,20020920,Kyle,1800,SD,28.3N,51.8W,25,1007,28.05,-51.13,2002
488,489,20020921,Lili,1800,TD,10.2N,44.6W,25,1009,10.03,-44.1,2002
489,490,20030418,Ana,0,EX,29.1N,66.2W,30,1008,29.02,-66.03,2003
490,491,20030628,Bill,600,LO,19.5N,89.0W,20,1009,19.08,-89.0,2003
491,492,20030707,Claudette,0,WV,11.1N,53.5W,25,1010,11.02,-53.08,2003
492,493,20030716,Danny,1200,TD,30.8N,54.1W,25,1017,30.13,-54.02,2003
493,494,20030814,Erika,1800,TS,26.4N,83.3W,35,1011,26.07,-83.05,2003
494,495,20030827,Fabian,1800,TD,14.6N,30.7W,25,1009,14.1,-30.12,2003
495,496,20030830,Grace,1200,TD,24.3N,92.4W,30,1008,24.05,-92.07,2003
496,497,20030903,Henri,1800,TD,27.4N,87.7W,25,1013,27.07,-87.12,2003
497,498,20030906,Isabel,0,TD,13.8N,31.4W,30,1009,13.13,-31.07,2003
498,499,20030924,Juan,1200,TD,28.2N,62.4W,25,1009,28.03,-62.07,2003
499,500,20030925,Kate,1800,TD,11.8N,37.7W,30,1008,11.13,-37.12,2003
500,501,20030927,Larry,1800,LO,18.5N,84.7W,15,1009,18.08,-84.12,2003
501,502,20031010,Mindy,1800,TS,19.1N,68.8W,40,1004,19.02,-68.13,2003
502,503,20031013,Nicholas,0,TD,9.5N,37.0W,25,1009,9.08,-37.0,2003
503,504,20031204,Odette,1200,TD,12.9N,76.2W,30,1005,12.15,-76.03,2003
504,505,20031207,Peter,1800,SS,27.5N,34.5W,40,1005,27.08,-34.08,2003
505,506,20040731,Alex,1800,TD,30.3N,78.3W,25,1010,30.05,-78.05,2004
506,507,20040803,Bonnie,1200,TD,12.9N,53.6W,25,1010,12.15,-53.1,2004
507,508,20040809,Charley,1200,TD,11.4N,59.2W,30,1010,11.07,-59.03,2004
508,509,20040813,Danielle,1200,TD,12.3N,21.8W,30,1009,12.05,-21.13,2004
509,510,20040813,Earl,1800,TD,9.0N,45.6W,30,1011,9.0,-45.1,2004
510,511,20040825,Frances,0,TD,11.1N,35.2W,25,1009,11.02,-35.03,2004
511,512,20040827,Gaston,1200,TD,31.8N,78.1W,25,1015,31.13,-78.02,2004
512,513,20040827,Hermine,1800,TD,29.0N,65.2W,25,1016,29.0,-65.03,2004
513,514,20040902,Ivan,1800,TD,9.7N,27.6W,25,1009,9.12,-27.1,2004
514,515,20040913,Jeanne,1800,TD,15.9N,60.0W,25,1010,15.15,-60.0,2004
515,516,20040916,Karl,600,TD,11.2N,29.2W,30,1008,11.03,-29.03,2004
516,517,20040919,Lisa,1800,TD,13.3N,32.4W,30,1004,13.05,-32.07,2004
517,518,20041008,Matthew,1200,TD,24.0N,95.4W,30,1007,24.0,-95.07,2004
518,519,20041010,Nicole,0,EX,30.0N,65.2W,40,1000,30.0,-65.03,2004
519,520,20041126,Otto,0,EX,28.0N,40.0W,30,1009,28.0,-40.0,2004
520,521,20050608,Arlene,1800,TD,16.9N,84.0W,25,1004,16.15,-84.0,2005
521,522,20050628,Bret,1800,TD,19.7N,95.4W,30,1006,19.12,-95.07,2005
522,523,20050703,Cindy,1800,TD,18.3N,86.7W,30,1009,18.05,-86.12,2005
523,524,20050704,Dennis,1800,TD,12.0N,60.8W,25,1010,12.0,-60.13,2005
524,525,20050711,Emily,0,TD,10.7N,42.4W,25,1010,10.12,-42.07,2005
525,526,20050721,Franklin,1800,TD,25.0N,75.0W,30,1010,25.0,-75.0,2005
526,527,20050723,Gert,1800,TD,19.3N,92.9W,25,1011,19.05,-92.15,2005
527,528,20050802,Harvey,1800,TD,28.2N,68.8W,30,1006,28.03,-68.13,2005
528,529,20050804,Irene,1800,TD,12.9N,33.5W,25,1009,12.15,-33.08,2005
529,530,20050813,Ten,1200,TD,13.3N,43.6W,25,1009,13.05,-43.1,2005
530,531,20050822,Jose,1200,TD,19.4N,94.5W,30,1006,19.07,-94.08,2005
531,532,20050823,Katrina,1800,TD,23.1N,75.1W,30,1008,23.02,-75.02,2005
532,533,20050828,Lee,1200,TD,14.0N,45.1W,25,1009,14.0,-45.02,2005
533,534,20050901,Maria,1200,TD,18.8N,45.5W,30,1008,18.13,-45.08,2005
534,535,20050905,Nate,1800,TD,28.4N,67.0W,30,1008,28.07,-67.0,2005
535,536,20050906,Ophelia,600,TD,25.8N,78.6W,25,1009,25.13,-78.1,2005
536,537,20050917,Philippe,1200,TD,13.3N,54.5W,30,1008,13.05,-54.08,2005
537,538,20050918,Rita,0,TD,21.3N,69.9W,25,1009,21.05,-69.15,2005
538,539,20050930,Nineteen,1200,TD,11.8N,32.7W,25,1009,11.13,-32.12,2005
539,540,20051001,Stan,1200,TD,18.9N,85.6W,25,1007,18.15,-85.1,2005
540,541,20051005,Tammy,600,TS,27.3N,79.7W,35,1006,27.05,-79.12,2005
541,542,20051008,Twenty-Two,600,SD,26.1N,57.4W,30,1009,26.02,-57.07,2005
542,543,20051008,Vince,600,SS,32.9N,20.6W,40,1001,32.15,-20.1,2005
543,544,20051015,Wilma,1800,TD,17.6N,78.5W,25,1004,17.1,-78.08,2005
544,545,20051022,Alpha,1200,TD,15.8N,67.5W,30,1007,15.13,-67.08,2005
545,546,20051026,Beta,1800,TD,10.4N,80.9W,30,1007,10.07,-80.15,2005
546,547,20051114,Gamma,0,TD,13.2N,62.1W,30,1007,13.03,-62.02,2005
547,548,20051119,Delta,1200,EX,27.0N,48.0W,25,1010,27.0,-48.0,2005
548,549,20051129,Epsilon,600,TS,31.5N,49.2W,45,993,31.08,-49.03,2005
549,550,20051230,Zeta,0,TD,23.9N,35.6W,30,1009,23.15,-35.1,2005
550,551,20060101,Zeta,0,TS,25.6N,38.3W,50,997,25.1,-38.05,2006
551,552,20060610,Alberto,600,TD,20.0N,85.0W,25,1004,20.0,-85.0,2006
552,553,20060718,Beryl,1200,TD,32.3N,73.3W,30,1010,32.05,-73.05,2006
553,554,20060801,Chris,0,TD,16.3N,58.1W,30,1011,16.05,-58.02,2006
554,555,20060821,Debby,1800,TD,11.6N,21.7W,30,1007,11.1,-21.12,2006
555,556,20060824,Ernesto,1800,TD,12.7N,61.6W,30,1008,12.12,-61.1,2006
556,557,20060903,Florence,1800,TD,14.1N,39.4W,30,1007,14.02,-39.07,2006
557,558,20060910,Gordon,1800,TD,20.2N,53.8W,25,1012,20.03,-53.13,2006
558,559,20060912,Helene,1200,TD,11.9N,22.0W,25,1007,11.15,-22.0,2006
559,560,20060927,Isaac,1800,TD,26.1N,52.6W,30,1012,26.02,-52.1,2006
560,561,20070506,Andrea,1200,EX,35.5N,74.0W,35,1012,35.08,-74.0,2007
561,562,20070531,Barry,0,LO,18.1N,87.0W,25,1008,18.02,-87.0,2007
562,563,20070731,Chantal,0,TD,35.5N,66.5W,30,1007,35.08,-66.08,2007
563,564,20070813,Dean,600,TD,12.2N,28.9W,30,1006,12.03,-28.15,2007
564,565,20070815,Erin,0,TD,23.7N,90.7W,25,1006,23.12,-90.12,2007
565,566,20070831,Felix,1200,TD,11.5N,56.6W,25,1009,11.08,-56.1,2007
566,567,20070908,Gabrielle,0,SS,30.1N,71.8W,40,1011,30.02,-71.13,2007
567,568,20070912,Ingrid,600,TD,13.0N,43.6W,25,1009,13.0,-43.1,2007
568,569,20070912,Humberto,600,LO,27.3N,95.0W,25,1009,27.05,-95.0,2007
569,570,20070921,Ten,1200,SD,29.1N,85.4W,30,1005,29.02,-85.07,2007
570,571,20070923,Jerry,0,SD,36.2N,46.1W,30,1008,36.03,-46.02,2007
571,572,20070925,Karen,0,TD,10.0N,35.9W,30,1006,10.0,-35.15,2007
572,573,20070925,Lorenzo,1800,TD,21.8N,94.8W,25,1009,21.13,-94.13,2007
573,574,20070928,Melissa,600,TD,14.0N,25.8W,25,1010,14.0,-25.13,2007
574,575,20071011,Fifteen,1200,TD,29.5N,52.6W,30,1011,29.08,-52.1,2007
575,576,20071024,Noel,0,LO,18.0N,60.2W,20,1010,18.0,-60.03,2007
576,577,20071210,Olga,1200,LO,18.3N,61.8W,35,1009,18.05,-61.13,2007
577,578,20080531,Arthur,0,TS,17.5N,87.5W,35,1005,17.08,-87.08,2008
578,579,20080703,Bertha,600,TD,12.7N,22.9W,30,1008,12.12,-22.15,2008
579,580,20080719,Cristobal,0,TD,31.7N,79.8W,25,1010,31.12,-79.13,2008
580,581,20080720,Dolly,1200,TS,17.8N,83.6W,40,1008,17.13,-83.1,2008
581,582,20080803,Edouard,1200,TD,28.1N,87.4W,25,1010,28.02,-87.07,2008
582,583,20080815,Fay,1200,TD,18.4N,67.4W,30,1011,18.07,-67.07,2008
583,584,20080825,Gustav,0,TD,13.5N,67.4W,25,1008,13.08,-67.07,2008
584,585,20080828,Hanna,0,TD,19.4N,57.3W,30,1007,19.07,-57.05,2008
585,586,20080901,Ike,600,TD,17.2N,37.0W,30,1006,17.03,-37.0,2008
586,587,20080902,Josephine,0,TD,12.3N,21.9W,30,1007,12.05,-21.15,2008
587,588,20080925,Kyle,0,TD,21.5N,70.0W,30,1005,21.08,-70.0,2008
588,589,20080926,Laura,0,EX,39.0N,35.0W,40,1011,39.0,-35.0,2008
589,590,20081006,Marco,0,TD,18.5N,91.7W,25,1006,18.08,-91.12,2008
590,591,20081012,Nana,600,TD,15.5N,36.6W,30,1007,15.08,-36.1,2008
591,592,20081013,Omar,600,TD,15.4N,69.0W,25,1005,15.07,-69.0,2008
592,593,20081014,Sixteen,1200,TD,15.5N,82.8W,25,1004,15.08,-82.13,2008
593,594,20081105,Paloma,1800,TD,13.7N,81.7W,25,1004,13.12,-81.12,2008
594,595,20090526,One,1800,LO,30.6N,75.4W,25,1010,30.1,-75.07,2009
595,596,20090810,Ana,600,LO,14.3N,24.0W,25,1008,14.05,-24.0,2009
596,597,20090815,Bill,600,TD,11.8N,32.0W,30,1007,11.13,-32.0,2009
597,598,20090816,Claudette,600,TD,27.0N,83.4W,30,1011,27.0,-83.07,2009
598,599,20090826,Danny,900,TS,24.3N,69.6W,40,1009,24.05,-69.1,2009
599,600,20090901,Erika,1800,TS,16.7N,57.3W,45,1007,16.12,-57.05,2009
600,601,20090907,Fred,1800,TD,11.8N,24.0W,30,1005,11.13,-24.0,2009
601,602,20090925,Eight,600,LO,14.8N,29.0W,20,1010,14.13,-29.0,2009
602,603,20090927,Grace,1800,EX,46.0N,43.2W,55,995,46.0,-43.03,2009
603,604,20091006,Henri,0,TD,15.1N,49.2W,30,1008,15.02,-49.03,2009
604,605,20091104,Ida,600,TD,11.0N,81.3W,30,1007,11.0,-81.05,2009
605,606,20100624,Alex,1800,LO,15.9N,82.0W,25,1007,15.15,-82.0,2010
606,607,20100707,Two,600,LO,21.5N,91.1W,25,1006,21.08,-91.02,2010
607,608,20100722,Bonnie,600,TD,21.5N,73.8W,30,1009,21.08,-73.13,2010
608,609,20100802,Colin,1200,TD,12.5N,40.7W,30,1007,12.08,-40.12,2010
609,610,20100810,Five,600,LO,25.7N,83.0W,25,1008,25.12,-83.0,2010
610,611,20100821,Danielle,1200,LO,10.7N,31.1W,25,1009,10.12,-31.02,2010
611,612,20100824,Earl,0,LO,12.4N,19.3W,25,1009,12.07,-19.05,2010
612,613,20100830,Fiona,0,LO,14.0N,41.8W,25,1007,14.0,-41.13,2010
613,614,20100901,Gaston,0,LO,12.2N,32.2W,25,1008,12.03,-32.03,2010
614,615,20100904,Hermine,1800,LO,17.5N,95.6W,20,1006,17.08,-95.1,2010
615,616,20100908,Igor,600,TD,14.0N,22.7W,30,1006,14.0,-22.12,2010
616,617,20100912,Julia,600,TD,12.9N,20.5W,30,1007,12.15,-20.08,2010
617,618,20100913,Karl,1800,LO,16.3N,78.5W,25,1005,16.05,-78.08,2010
618,619,20100920,Lisa,0,LO,15.2N,32.0W,25,1008,15.03,-32.0,2010
619,620,20100923,Matthew,1200,TD,13.7N,74.8W,30,1008,13.12,-74.13,2010
620,621,20100928,Nicole,0,LO,19.4N,84.1W,25,1003,19.07,-84.02,2010
621,622,20101006,Otto,600,SD,22.0N,67.2W,30,1000,22.0,-67.03,2010
622,623,20101011,Paula,0,TD,13.9N,81.8W,30,1006,13.15,-81.13,2010
623,624,20101019,Richard,1800,LO,17.2N,83.4W,30,1008,17.03,-83.07,2010
624,625,20101028,Shary,1800,TD,25.6N,61.2W,30,1006,25.1,-61.03,2010
625,626,20101029,Tomas,600,TD,9.0N,53.7W,30,1006,9.0,-53.12,2010
626,627,20110628,Arlene,600,LO,19.9N,92.8W,25,1007,19.15,-92.13,2011
627,628,20110716,Bret,600,LO,30.7N,79.7W,20,1014,30.12,-79.12,2011
628,629,20110720,Cindy,600,TD,33.0N,59.5W,30,1010,33.0,-59.08,2011
629,630,20110727,Don,600,TD,21.6N,85.7W,30,1007,21.1,-85.12,2011
630,631,20110802,Emily,0,TS,14.9N,61.4W,40,1007,14.15,-61.07,2011
631,632,20110812,Franklin,1200,LO,34.7N,66.0W,25,1011,34.12,-66.0,2011
632,633,20110813,Gert,600,LO,26.2N,58.0W,30,1013,26.03,-58.0,2011
633,634,20110819,Harvey,0,TD,15.4N,82.0W,30,1006,15.07,-82.0,2011
634,635,20110821,Irene,0,TS,15.0N,59.0W,45,1006,15.0,-59.0,2011
635,636,20110825,Ten,0,TD,12.3N,29.0W,30,1006,12.05,-29.0,2011
636,637,20110826,Jose,1200,LO,27.3N,59.0W,30,1016,27.05,-59.0,2011
637,638,20110828,Katia,0,LO,9.5N,19.0W,20,1012,9.08,-19.0,2011
638,639,20110902,Lee,0,TD,26.6N,91.4W,30,1007,26.1,-91.07,2011
639,640,20110906,Maria,1800,TD,11.5N,35.9W,30,1008,11.08,-35.15,2011
640,641,20110906,Nate,1800,LO,20.3N,93.9W,30,1006,20.05,-93.15,2011
641,642,20110920,Ophelia,600,LO,11.6N,37.0W,25,1008,11.1,-37.0,2011
642,643,20110923,Philippe,0,LO,8.3N,17.5W,20,1010,8.05,-17.08,2011
643,644,20111022,Rina,0,LO,12.7N,81.0W,25,1007,12.12,-81.0,2011
644,645,20111106,Sean,0,EX,28.5N,70.0W,45,1005,28.08,-70.0,2011
645,646,20120519,Alberto,0,LO,33.1N,77.0W,25,1010,33.02,-77.0,2012
646,647,20120525,Beryl,1200,LO,30.1N,76.1W,30,1010,30.02,-76.02,2012
647,648,20120617,Chris,0,LO,28.8N,68.8W,20,1009,28.13,-68.13,2012
648,649,20120623,Debby,1200,TS,25.5N,87.6W,35,1002,25.08,-87.1,2012
649,650,20120801,Ernesto,1200,TD,11.6N,46.7W,30,1008,11.1,-46.12,2012
650,651,20120803,Florence,600,LO,12.2N,23.1W,25,1011,12.03,-23.02,2012
651,652,20120809,Helene,1800,TD,13.7N,43.0W,30,1010,13.12,-43.0,2012
652,653,20120815,Gordon,1200,TD,27.6N,54.6W,30,1013,27.1,-54.1,2012
653,654,20120820,Isaac,1200,LO,15.7N,44.8W,25,1010,15.12,-44.13,2012
654,655,20120821,Joyce,1800,LO,10.7N,31.7W,25,1011,10.12,-31.12,2012
655,656,20120828,Kirk,1800,TD,23.9N,43.4W,30,1007,23.15,-43.07,2012
656,657,20120828,Leslie,1200,LO,12.9N,27.4W,20,1010,12.15,-27.07,2012
657,658,20120902,Michael,0,LO,28.9N,36.7W,20,1015,28.15,-36.12,2012
658,659,20120910,Nadine,1200,TD,15.5N,38.0W,25,1008,15.08,-38.0,2012
659,660,20121002,Oscar,1200,LO,12.4N,38.0W,25,1008,12.07,-38.0,2012
660,661,20121010,Patty,1800,LO,25.5N,72.5W,25,1012,25.08,-72.08,2012
661,662,20121012,Rafael,1800,TS,14.7N,62.7W,35,1006,14.12,-62.12,2012
662,663,20121021,Sandy,1800,LO,14.3N,77.4W,25,1006,14.05,-77.07,2012
663,664,20121021,Tony,1800,LO,20.1N,50.8W,25,1011,20.02,-50.13,2012
664,665,20130605,Andrea,1800,TS,25.1N,86.6W,35,1006,25.02,-86.1,2013
665,666,20130616,Barry,0,LO,12.4N,81.5W,20,1009,12.07,-81.08,2013
666,667,20130707,Chantal,1200,TS,9.3N,41.4W,35,1011,9.05,-41.07,2013
667,668,20130722,Dorian,1800,LO,11.3N,20.0W,25,1009,11.05,-20.0,2013
668,669,20130815,Erin,0,TD,13.9N,23.3W,30,1008,13.15,-23.05,2013
669,670,20130825,Fernand,1200,TD,18.7N,94.2W,30,1006,18.12,-94.03,2013
670,671,20130904,Gabrielle,1800,TD,16.2N,65.9W,30,1010,16.03,-65.15,2013
671,672,20130906,Eight,1200,TD,22.4N,97.4W,30,1009,22.07,-97.07,2013
672,673,20130908,Humberto,0,LO,13.0N,17.6W,25,1009,13.0,-17.1,2013
673,674,20130912,Ingrid,600,LO,19.3N,92.2W,25,1006,19.05,-92.03,2013
674,675,20130928,Jerry,0,LO,21.1N,50.0W,30,1012,21.02,-50.0,2013
675,676,20131003,Karen,600,TS,21.5N,86.8W,45,1006,21.08,-86.13,2013
676,677,20131021,Lorenzo,600,TD,27.6N,55.9W,30,1012,27.1,-55.15,2013
677,678,20131117,Melissa,0,EX,23.9N,52.4W,35,1006,23.15,-52.07,2013
678,679,20140628,Arthur,1800,LO,32.0N,78.2W,20,1017,32.0,-78.03,2014
679,680,20140719,Two,1200,LO,9.0N,29.0W,20,1012,9.0,-29.0,2014
680,681,20140729,Bertha,600,LO,9.6N,37.1W,25,1013,9.1,-37.02,2014
681,682,20140823,Cristobal,1800,TD,21.5N,72.2W,30,1005,21.08,-72.03,2014
682,683,20140901,Dolly,1200,LO,19.2N,92.3W,25,1009,19.03,-92.05,2014
683,684,20140910,Edouard,1800,LO,13.7N,33.2W,25,1009,13.12,-33.03,2014
684,685,20141010,Fay,0,LO,22.0N,61.2W,35,1007,22.0,-61.03,2014
685,686,20141011,Gonzalo,1800,LO,16.4N,54.9W,25,1010,16.07,-54.15,2014
686,687,20141021,Hanna,0,LO,19.5N,95.3W,25,1002,19.08,-95.05,2014
687,688,20150506,Ana,600,LO,26.8N,79.2W,25,1016,26.13,-79.03,2015
688,689,20150616,Bill,0,TS,27.0N,94.3W,45,1005,27.0,-94.05,2015
689,690,20150712,Claudette,0,LO,35.4N,75.4W,25,1010,35.07,-75.07,2015
690,691,20150817,Danny,0,LO,9.6N,29.3W,25,1011,9.1,-29.05,2015
691,692,20150824,Erika,1800,TS,14.3N,45.1W,40,1003,14.05,-45.02,2015
692,693,20150830,Fred,0,TD,11.6N,17.5W,30,1007,11.1,-17.08,2015
693,694,20150905,Grace,600,TD,12.0N,23.1W,25,1010,12.0,-23.02,2015
694,695,20150908,Henri,600,LO,31.1N,62.2W,20,1014,31.02,-62.03,2015
695,696,20150915,Nine,0,LO,11.5N,40.3W,20,1011,11.08,-40.05,2015
696,697,20150915,Ida,1200,LO,9.4N,24.2W,25,1010,9.07,-24.03,2015
697,698,20150926,Joaquin,1800,LO,26.8N,68.7W,20,1011,26.13,-68.12,2015
698,699,20151108,Kate,1800,TD,22.2N,71.5W,30,1010,22.03,-71.08,2015
699,700,20160107,Alex,0,EX,26.6N,75.3W,40,1010,26.1,-75.05,2016
700,701,20160527,Bonnie,600,LO,27.2N,72.1W,30,1010,27.03,-72.02,2016
701,702,20160605,Colin,1200,TD,21.6N,88.0W,30,1005,21.1,-88.0,2016
702,703,20160618,Danielle,1800,LO,19.4N,91.6W,25,1010,19.07,-91.1,2016
703,704,20160802,Earl,600,TS,16.3N,77.5W,40,1004,16.05,-77.08,2016
704,705,20160816,Fiona,1800,TD,12.0N,32.2W,25,1009,12.0,-32.03,2016
705,706,20160821,Gaston,1200,LO,11.0N,19.4W,20,1009,11.0,-19.07,2016
706,707,20160827,Eight,0,LO,30.7N,65.0W,20,1012,30.12,-65.0,2016
707,708,20160828,Hermine,1800,TD,23.8N,81.4W,30,1009,23.13,-81.07,2016
708,709,20160912,Ian,0,LO,20.0N,48.5W,35,1007,20.0,-48.08,2016
709,710,20160913,Julia,600,TD,27.3N,80.2W,30,1010,27.05,-80.03,2016
710,711,20160912,Karl,1800,LO,13.1N,19.0W,20,1010,13.02,-19.0,2016
711,712,20160919,Lisa,600,LO,13.2N,26.7W,25,1008,13.03,-26.12,2016
712,713,20160928,Matthew,1200,TS,13.4N,59.8W,50,1009,13.07,-59.13,2016
713,714,20161004,Nicole,600,TS,23.2N,59.8W,35,1007,23.03,-59.13,2016
714,715,20161117,Otto,1800,LO,12.5N,80.7W,20,1006,12.08,-80.12,2016
715,716,20170416,Arlene,600,EX,35.8N,50.3W,55,992,35.13,-50.05,2017
716,717,20170618,Bret,1800,DB,7.5N,49.6W,30,1008,7.08,-49.1,2017
717,718,20170619,Cindy,1800,DB,23.6N,88.6W,35,1003,23.1,-88.1,2017
718,719,20170705,Four,1200,LO,11.8N,35.9W,20,1010,11.13,-35.15,2017
719,720,20170717,Don,0,LO,10.3N,47.7W,25,1011,10.05,-47.12,2017
720,721,20170730,Emily,1800,TD,28.4N,85.4W,30,1009,28.07,-85.07,2017
721,722,20170806,Franklin,1800,LO,15.5N,81.5W,30,1008,15.08,-81.08,2017
722,723,20170812,Gert,0,LO,22.4N,66.8W,25,1013,22.07,-66.13,2017
723,724,20170816,Harvey,600,LO,13.7N,45.8W,25,1013,13.12,-45.13,2017
724,725,20170830,Irma,0,TD,16.1N,26.9W,30,1008,16.02,-26.15,2017
725,726,20170904,Jose,600,LO,9.3N,33.5W,20,1010,9.05,-33.08,2017
726,727,20170905,Katia,1200,TD,22.2N,97.2W,25,1010,22.03,-97.03,2017
727,728,20170914,Lee,1800,TD,10.4N,23.1W,25,1011,10.07,-23.02,2017
728,729,20170916,Maria,1200,TD,12.2N,49.7W,30,1006,12.03,-49.12,2017
729,730,20171003,Nate,1200,LO,10.7N,80.8W,20,1008,10.12,-80.13,2017
730,731,20171006,Ophelia,1200,LO,31.8N,39.5W,20,1013,31.13,-39.08,2017
731,732,20171027,Philippe,1800,DB,17.5N,84.2W,30,1006,17.08,-84.03,2017
732,733,20171104,Rina,1200,LO,25.5N,52.3W,25,1013,25.08,-52.05,2017
733,734,20180525,Alberto,1200,SD,18.8N,87.1W,30,1006,18.13,-87.02,2018
734,735,20180704,Beryl,1200,TD,10.0N,34.9W,30,1008,10.0,-34.15,2018
735,736,20180705,Chris,600,LO,30.7N,68.5W,20,1021,30.12,-68.08,2018
736,737,20180802,Debby,1800,EX,41.2N,33.7W,30,1012,41.03,-33.12,2018
737,738,20180815,Ernesto,0,LO,36.9N,45.5W,30,1011,36.15,-45.08,2018
738,739,20180830,Florence,600,LO,12.8N,16.9W,20,1008,12.13,-16.15,2018
739,740,20180902,Gordon,1800,DB,22.4N,77.0W,25,1012,22.07,-77.0,2018
740,741,20180907,Helene,1200,TD,13.4N,16.8W,30,1004,13.07,-16.13,2018
741,742,20180907,Isaac,1200,TD,13.5N,35.0W,30,1007,13.08,-35.0,2018
742,743,20180912,Joyce,0,EX,37.0N,39.8W,45,1012,37.0,-39.13,2018
743,744,20180921,Eleven,1800,TD,12.9N,52.5W,30,1008,12.15,-52.08,2018
744,745,20180922,Kirk,600,TD,7.7N,21.8W,30,1007,7.12,-21.13,2018
745,746,20180922,Leslie,0,EX,35.0N,45.0W,25,1008,35.0,-45.0,2018
746,747,20181006,Michael,1800,LO,17.8N,86.6W,25,1006,17.13,-86.1,2018
747,748,20181008,Nadine,1200,LO,9.3N,26.7W,25,1009,9.05,-26.12,2018
748,749,20181026,Oscar,1800,SS,25.4N,45.3W,35,1006,25.07,-45.05,2018
749,750,20190520,Andrea,1800,SS,28.1N,68.6W,35,1008,28.02,-68.1,2019
750,751,20190710,Barry,1200,DB,28.5N,86.5W,25,1009,28.08,-86.08,2019
751,752,20190722,Three,1200,TD,24.6N,77.4W,25,1013,24.1,-77.07,2019
752,753,20190820,Chantal,1800,TD,40.1N,59.7W,30,1008,40.02,-59.12,2019
753,754,20190824,Dorian,600,TD,10.3N,46.4W,25,1011,10.05,-46.07,2019
754,755,20190826,Erin,1200,TD,31.7N,72.7W,30,1010,31.12,-72.12,2019
755,756,20190903,Fernand,600,DB,23.6N,94.0W,30,1006,23.1,-94.0,2019
756,757,20190903,Gabrielle,0,LO,16.1N,30.1W,25,1007,16.02,-30.02,2019
757,758,20190912,Humberto,1200,LO,23.0N,74.2W,25,1010,23.0,-74.03,2019
758,759,20190917,Jerry,0,LO,12.6N,42.6W,25,1009,12.1,-42.1,2019
759,760,20190917,Imelda,1200,TD,28.3N,95.7W,30,1008,28.05,-95.12,2019
760,761,20190922,Karen,0,TD,11.5N,58.8W,30,1007,11.08,-58.13,2019
761,762,20190922,Lorenzo,1800,LO,10.9N,18.8W,25,1008,10.15,-18.13,2019
762,763,20191008,Melissa,1800,EX,35.0N,74.1W,40,1009,35.0,-74.02,2019
763,764,20191014,Fifteen,1200,TD,12.6N,19.3W,30,1006,12.1,-19.05,2019
764,765,20191017,Nestor,1200,DB,22.2N,95.7W,35,1007,22.03,-95.12,2019
765,766,20191025,Olga,1200,TS,24.7N,94.8W,35,1004,24.12,-94.13,2019
766,767,20191023,Pablo,1800,EX,40.0N,38.3W,40,1000,40.0,-38.05,2019
767,768,20191027,Rebekah,0,EX,40.5N,51.5W,35,1004,40.08,-51.08,2019
768,769,20191119,Sebastien,600,TS,19.4N,58.1W,35,1006,19.07,-58.02,2019
