,hurricane_id,date,time,status,latitude,longitude,max_wind,air_pressure,latitude_decimal,longitude_decimal,year,name
0,1,19500812,0,TS,17.1N,55.5W,35,-999,17.02,-55.08,1950,Able
1,2,19500818,1200,TD,12.0N,54.0W,30,-999,12.0,-54.0,1950,Baker
2,3,19500821,1200,TS,11.1N,26.4W,35,-999,11.02,-26.07,1950,Charlie
3,4,19500830,1800,HU,15.2N,55.6W,80,-999,15.03,-55.1,1950,Dog
4,5,19500901,600,TS,19.7N,83.2W,40,-999,19.12,-83.03,1950,Easy
5,6,19500908,600,TS,15.5N,41.0W,40,-999,15.08,-41.0,1950,Fox
6,7,19500927,600,TS,24.6N,51.0W,35,-999,24.1,-51.0,1950,George
7,8,19501001,600,TD,25.6N,88.4W,30,-999,25.1,-88.07,1950,How
8,9,19501008,600,TS,23.3N,90.4W,35,-999,23.05,-90.07,1950,Item
9,10,19501011,1200,TS,22.4N,47.0W,40,-999,22.07,-47.0,1950,Jig
10,11,19501013,600,TD,16.0N,84.2W,25,-999,16.0,-84.03,1950,King
11,12,19501017,600,TS,22.0N,42.0W,35,-999,22.0,-42.0,1950,Unnamed
12,13,19501018,0,TS,25.5N,89.5W,40,-999,25.08,-89.08,1950,Love
13,14,19501025,1200,TD,24.7N,42.2W,25,-999,24.12,-42.03,1950,Mike
14,15,19510102,1200,EX,30.5N,58.0W,50,-999,30.08,-58.0,1951,Unnamed
15,16,19510516,0,TD,32.0N,68.0W,30,-999,32.0,-68.0,1951,Able
16,17,19510802,600,TD,20.9N,52.9W,30,-999,20.15,-52.15,1951,Baker
17,18,19510812,0,TD,12.1N,44.1W,30,-999,12.02,-44.02,1951,Charlie
18,19,19510827,600,TD,12.3N,25.6W,25,-999,12.05,-25.1,1951,Dog
19,20,19510901,600,TD,12.5N,32.0W,30,-999,12.08,-32.0,1951,Easy
20,21,19510902,1800,TD,12.6N,20.3W,30,-999,12.1,-20.05,1951,Fox
21,22,19510919,1800,TD,19.4N,93.2W,30,-999,19.07,-93.03,1951,George
22,23,19510929,0,TD,20.2N,85.8W,25,-999,20.03,-85.13,1951,How
23,24,19511012,600,TD,15.5N,80.2W,30,-999,15.08,-80.03,1951,Item
24,25,19511015,600,TS,27.7N,76.0W,50,-999,27.12,-76.0,1951,Jig
25,26,19520202,600,LO,18.5N,87.2W,25,-999,18.08,-87.03,1952,Unnamed
26,27,19520818,600,TD,14.6N,19.0W,25,-999,14.1,-19.0,1952,Able
27,28,19520831,600,TS,15.4N,53.9W,50,-999,15.07,-53.15,1952,Baker
28,29,19520924,0,TD,20.0N,69.2W,30,-999,20.0,-69.03,1952,Charlie
29,30,19520924,1200,TD,12.6N,48.7W,30,-999,12.1,-48.12,1952,Dog
30,31,19521006,1200,TD,15.2N,51.0W,30,-999,15.03,-51.0,1952,Easy
31,32,19521020,1200,TD,11.4N,77.7W,25,-999,11.07,-77.12,1952,Fox
32,33,19530525,1800,TD,14.4N,81.8W,25,-999,14.07,-81.13,1953,Alice
33,34,19530711,1800,TD,26.1N,81.3W,25,-999,26.02,-81.05,1953,Unnamed
34,35,19530811,600,TD,22.8N,74.4W,25,-999,22.13,-74.07,1953,Barbara
35,36,19530828,600,TD,14.0N,20.5W,25,-999,14.0,-20.08,1953,Carol
36,37,19530908,600,TD,18.3N,65.1W,30,-999,18.05,-65.02,1953,Dolly
37,38,19530915,0,TS,18.9N,64.0W,45,-999,18.15,-64.0,1953,Edna
38,39,19530923,1200,TS,15.0N,78.0W,40,-999,15.0,-78.0,1953,Florence
39,40,19531002,600,TS,13.1N,35.5W,45,-999,13.02,-35.08,1953,Gail
40,41,19531007,600,TD,20.5N,86.4W,25,-999,20.08,-86.07,1953,Hazel
41,42,19540528,1200,TD,30.7N,80.0W,30,-999,30.12,-80.0,1954,Unnamed
42,43,19540624,1200,TS,22.2N,93.7W,50,-999,22.03,-93.12,1954,Alice
43,44,19540727,1200,TD,27.8N,90.1W,25,-999,27.13,-90.02,1954,Barbara
44,45,19540825,1200,TD,23.8N,75.0W,30,-999,23.13,-75.0,1954,Carol
45,46,19540831,1200,TS,20.5N,68.6W,35,-999,20.08,-68.1,1954,Dolly
46,47,19540905,0,TD,19.8N,65.3W,25,-999,19.13,-65.05,1954,Edna
47,48,19540910,1200,TD,22.5N,94.5W,30,-999,22.08,-94.08,1954,Florence
48,49,19540924,1800,TS,14.1N,75.8W,35,-999,14.02,-75.13,1954,Gilda
49,50,19541005,600,TS,12.0N,58.5W,40,-999,12.0,-58.08,1954,Hazel
50,51,19550101,0,HU,20.1N,56.8W,70,-999,20.02,-56.13,1955,Alice
51,52,19550731,600,TD,27.5N,87.5W,30,-999,27.08,-87.08,1955,Brenda
52,53,19550803,600,TD,15.3N,40.0W,30,-999,15.05,-40.0,1955,Connie
53,54,19550807,600,TD,15.7N,41.2W,25,-999,15.12,-41.03,1955,Diane
54,55,19550821,1200,TD,11.4N,42.0W,25,-999,11.07,-42.0,1955,Edith
55,56,19550825,1800,TD,24.6N,85.1W,30,-999,24.1,-85.02,1955,Unnamed
56,57,19550902,600,TS,19.0N,31.1W,35,-999,19.0,-31.02,1955,Flora
57,58,19550903,1800,TD,19.5N,93.3W,25,-999,19.08,-93.05,1955,Gladys
58,59,19550910,600,TD,13.6N,41.4W,25,-999,13.1,-41.07,1955,Ione
59,60,19550912,0,TS,19.2N,66.1W,40,-999,19.03,-66.02,1955,Hilda
60,61,19550921,1200,TS,13.2N,52.6W,40,-999,13.03,-52.1,1955,Janet
61,62,19551014,1800,TD,12.5N,79.3W,25,-999,12.08,-79.05,1955,Katie
62,63,19560612,0,TD,20.0N,91.5W,25,-999,20.0,-91.08,1956,Unnamed
63,64,19560725,1800,TD,20.8N,92.5W,30,-999,20.13,-92.08,1956,Anna
64,65,19560809,600,TS,13.5N,47.2W,50,-999,13.08,-47.03,1956,Betsy
65,66,19560907,0,TD,24.8N,75.0W,30,-999,24.13,-75.0,1956,Carla
66,67,19560910,600,TD,20.5N,91.1W,30,-999,20.08,-91.02,1956,Dora
67,68,19560911,1800,TD,23.5N,75.7W,25,-999,23.08,-75.12,1956,Ethel
68,69,19560920,1800,TD,18.0N,86.5W,25,-999,18.0,-86.08,1956,Flossy
69,70,19561031,0,TD,20.0N,74.7W,25,-999,20.0,-74.12,1956,Greta
70,71,19570608,600,TS,25.0N,89.2W,35,-999,25.0,-89.03,1957,Unnamed
71,72,19570624,1200,TD,21.0N,93.0W,30,-999,21.0,-93.0,1957,Audrey
72,73,19570808,0,TD,27.0N,87.4W,25,-999,27.0,-87.07,1957,Bertha
73,74,19570902,600,TD,13.0N,21.3W,25,-999,13.0,-21.05,1957,Carrie
74,75,19570907,600,TS,23.9N,89.8W,35,-999,23.15,-89.13,1957,Debbie
75,76,19570916,0,TD,20.8N,93.0W,30,-999,20.13,-93.0,1957,Esther
76,77,19570920,1200,TD,31.7N,65.8W,25,-999,31.12,-65.13,1957,Frieda
77,78,19580614,600,TD,21.1N,94.5W,30,-999,21.02,-94.08,1958,Alma
78,79,19580808,1200,TD,16.5N,20.5W,25,-999,16.08,-20.08,1958,Becky
79,80,19580811,600,TD,12.0N,20.5W,25,-999,12.0,-20.08,1958,Cleo
80,81,19580823,1800,TD,25.0N,73.0W,25,-999,25.0,-73.0,1958,Daisy
81,82,19580830,600,TD,12.5N,58.0W,30,-999,12.08,-58.0,1958,Ella
82,83,19580904,1200,TD,10.1N,44.8W,25,-999,10.02,-44.13,1958,Fifi
83,84,19580914,600,TS,17.4N,67.5W,40,-999,17.07,-67.08,1958,Gerda
84,85,19580921,600,TD,17.0N,52.0W,25,-999,17.0,-52.0,1958,Helene
85,86,19580924,600,TS,17.5N,51.5W,50,-999,17.08,-51.08,1958,Ilsa
86,87,19581004,1200,TD,18.5N,81.1W,30,-999,18.08,-81.02,1958,Janice
87,88,19580525,0,TD,25.0N,80.5W,25,1003,25.0,-80.08,1958,Unnamed
88,89,19590528,600,TD,23.3N,86.5W,25,-999,23.05,-86.08,1959,Arlene
89,90,19590615,1800,TS,21.1N,94.7W,35,-999,21.02,-94.12,1959,Beulah
90,91,19590618,0,TS,26.3N,86.3W,35,-999,26.05,-86.05,1959,Unnamed
91,92,19590704,1200,TD,31.5N,79.0W,25,-999,31.08,-79.0,1959,Cindy
92,93,19590722,1800,TD,27.5N,91.2W,25,-999,27.08,-91.03,1959,Debra
93,94,19590818,0,TS,14.3N,57.9W,35,1007,14.05,-57.15,1959,Edith
94,95,19590909,600,TD,16.8N,45.8W,25,-999,16.13,-45.13,1959,Flora
95,96,19590920,1200,TD,19.8N,68.3W,25,1009,19.13,-68.05,1959,Gracie
96,97,19590927,1200,TD,26.8N,49.9W,30,-999,26.13,-49.15,1959,Hannah
97,98,19591006,1800,TD,23.2N,92.5W,30,-999,23.03,-92.08,1959,Irene
98,99,19591014,600,TD,14.0N,73.5W,30,-999,14.0,-73.08,1959,Judith
99,100,19600622,600,TD,19.2N,93.2W,25,-999,19.03,-93.03,1960,Unnamed
100,101,19600709,1200,TS,12.0N,55.8W,40,-999,12.0,-55.13,1960,Abby
101,102,19600727,1800,TD,27.7N,85.1W,30,-999,27.12,-85.02,1960,Brenda
102,103,19600817,1800,TD,26.0N,74.7W,25,-999,26.0,-74.12,1960,Cleo
103,104,19600829,1800,TD,10.2N,22.8W,25,-999,10.03,-22.13,1960,Donna
104,105,19600912,1800,TD,22.0N,93.0W,25,-999,22.0,-93.0,1960,Ethel
105,106,19600917,600,TD,20.9N,64.0W,25,-999,20.15,-64.0,1960,Florence
106,107,19610717,1800,TD,10.5N,46.0W,30,-999,10.08,-46.0,1961,Anna
107,108,19610902,600,TS,13.3N,41.6W,55,-999,13.05,-41.1,1961,Betsy
108,109,19610903,1200,TD,12.5N,77.0W,25,-999,12.08,-77.0,1961,Carla
109,110,19610905,1200,TD,13.5N,17.7W,30,-999,13.08,-17.12,1961,Debbie
110,111,19610910,1200,TD,11.2N,31.0W,30,-999,11.03,-31.0,1961,Esther
111,112,19610912,1200,TD,25.8N,78.0W,25,-999,25.13,-78.0,1961,Unnamed
112,113,19610930,600,TS,16.0N,58.0W,35,-999,16.0,-58.0,1961,Frances
113,114,19611017,0,TD,19.7N,77.9W,30,1003,19.12,-77.15,1961,Gerda
114,115,19611026,0,TD,10.5N,79.0W,25,-999,10.08,-79.0,1961,Hattie
115,116,19611102,0,TD,22.5N,59.0W,30,-999,22.08,-59.0,1961,Jenny
116,117,19611104,0,TS,19.7N,94.3W,40,-999,19.12,-94.05,1961,Inga
117,118,19620826,1200,TD,25.7N,79.7W,25,-999,25.12,-79.12,1962,Alma
118,119,19620827,600,TS,16.0N,18.0W,40,-999,16.0,-18.0,1962,Becky
119,120,19620912,0,TS,15.9N,45.9W,35,-999,15.15,-45.15,1962,Celia
120,121,19620929,600,TD,14.5N,48.9W,25,-999,14.08,-48.15,1962,Daisy
121,122,19621014,600,TD,22.5N,73.0W,30,-999,22.08,-73.0,1962,Ella
122,123,19620629,0,EX,32.2N,77.7W,40,-999,32.03,-77.12,1962,Unnamed
123,124,19630731,1800,TD,11.0N,39.4W,25,-999,11.0,-39.07,1963,Arlene
124,125,19630820,0,TD,11.2N,47.4W,25,-999,11.03,-47.07,1963,Beulah
125,126,19630909,1200,TD,25.5N,67.5W,25,-999,25.08,-67.08,1963,Unnamed
126,127,19630916,1200,TS,26.7N,93.7W,40,-999,26.12,-93.12,1963,Cindy
127,128,19630919,600,TD,14.0N,38.3W,25,-999,14.0,-38.05,1963,Debra
128,129,19630923,1200,TD,11.2N,51.5W,25,-999,11.03,-51.08,1963,Edith
129,130,19630928,1200,TD,9.2N,46.3W,30,-999,9.03,-46.05,1963,Flora
130,131,19631017,1800,TD,25.5N,72.0W,20,-999,25.08,-72.0,1963,Ginny
131,132,19631025,600,TD,14.8N,58.3W,25,-999,14.13,-58.05,1963,Helena
132,133,19640603,1200,TD,18.5N,86.1W,25,-999,18.08,-86.02,1964,Unnamed
133,134,19640805,1800,TD,27.3N,87.7W,25,-999,27.05,-87.12,1964,Abby
134,135,19640808,600,TD,33.0N,67.0W,30,-999,33.0,-67.0,1964,Brenda
135,136,19640820,1800,TS,13.1N,44.3W,40,1003,13.02,-44.05,1964,Cleo
136,137,19640828,1200,TD,14.0N,17.0W,30,-999,14.0,-17.0,1964,Dora
137,138,19640904,600,TD,17.7N,35.6W,25,-999,17.12,-35.1,1964,Ethel
138,139,19640905,600,TD,14.5N,18.0W,30,1004,14.08,-18.0,1964,Florence
139,140,19640913,600,TS,14.7N,44.5W,55,-999,14.12,-44.08,1964,Gladys
140,141,19640928,1200,TD,21.2N,80.0W,25,-999,21.03,-80.0,1964,Hilda
141,142,19641009,600,TD,15.5N,83.0W,30,-999,15.08,-83.0,1964,Isbell
142,143,19650613,1800,TD,23.1N,91.0W,30,-999,23.02,-91.0,1965,Unnamed
143,144,19650821,600,TS,32.4N,52.3W,35,-999,32.07,-52.05,1965,Anna
144,145,19650827,0,TD,11.0N,50.5W,25,-999,11.0,-50.08,1965,Betsy
145,146,19650916,600,TD,13.3N,20.1W,25,-999,13.05,-20.02,1965,Carol
146,147,19650924,1200,TD,17.3N,85.0W,25,-999,17.05,-85.0,1965,Debbie
147,148,19651012,1200,TD,16.5N,47.5W,30,-999,16.08,-47.08,1965,Elena
148,149,19660604,600,TD,12.7N,84.0W,25,-999,12.12,-84.0,1966,Alma
149,150,19660701,1800,TD,32.4N,57.8W,25,-999,32.07,-57.13,1966,Becky
150,151,19660713,1200,TD,19.1N,59.5W,25,-999,19.02,-59.08,1966,Celia
151,152,19660722,1200,TD,10.0N,35.0W,25,-999,10.0,-35.0,1966,Ella
152,153,19660722,1800,TD,31.0N,41.0W,25,-999,31.0,-41.0,1966,Dorothy
153,154,19660821,0,TD,12.9N,20.5W,25,-999,12.15,-20.08,1966,Faith
154,155,19660901,1200,TD,13.7N,48.4W,25,-999,13.12,-48.07,1966,Greta
155,156,19660920,1200,TD,21.5N,95.4W,30,-999,21.08,-95.07,1966,Hallie
156,157,19660921,1200,TD,9.9N,35.1W,25,-999,9.15,-35.02,1966,Inez
157,158,19660927,0,TD,10.8N,43.2W,25,-999,10.13,-43.03,1966,Judith
158,159,19661104,1200,TD,26.5N,50.0W,25,-999,26.08,-50.0,1966,Lois
159,160,19670610,1200,TD,18.0N,85.0W,-99,-999,18.0,-85.0,1967,Unnamed
160,161,19670828,1800,TD,15.8N,35.8W,30,-999,15.13,-35.13,1967,Arlene
161,162,19670905,0,TD,15.4N,20.3W,30,-999,15.07,-20.05,1967,Chloe
162,163,19670905,1200,TD,14.0N,57.0W,30,-999,14.0,-57.0,1967,Beulah
163,164,19670908,0,TD,28.5N,77.5W,25,1010,28.08,-77.08,1967,Doria
164,165,19670926,1200,TD,12.5N,47.0W,30,-999,12.08,-47.0,1967,Edith
165,166,19671001,1800,TD,20.3N,93.0W,25,1005,20.05,-93.0,1967,Fern
166,167,19671005,1200,TD,17.0N,18.3W,30,-999,17.0,-18.05,1967,Ginger
167,168,19671019,1200,TD,20.5N,54.0W,25,-999,20.08,-54.0,1967,Heidi
168,169,19680601,600,TD,17.2N,85.5W,30,-999,17.03,-85.08,1968,Abby
169,170,19680617,1200,TD,24.0N,80.5W,25,-999,24.0,-80.08,1968,Brenda
170,171,19680622,1800,TD,20.0N,96.0W,25,-999,20.0,-96.0,1968,Candy
171,172,19680704,0,TD,27.9N,88.8W,25,-999,27.15,-88.13,1968,Unnamed
172,173,19680810,0,TD,25.0N,79.0W,25,1013,25.0,-79.0,1968,Dolly
173,174,19680911,1800,TD,12.7N,21.1W,25,-999,12.12,-21.02,1968,Edna
174,175,19680923,1200,TD,26.0N,74.0W,25,-999,26.0,-74.0,1968,Frances
175,176,19681013,1200,TD,14.0N,80.5W,25,-999,14.0,-80.08,1968,Gladys
176,177,19690529,0,TD,12.0N,82.0W,25,-999,12.0,-82.0,1969,Unnamed
177,178,19690725,600,TD,9.2N,27.0W,30,-999,9.03,-27.0,1969,Anna
178,179,19690811,0,TD,28.1N,71.7W,30,-999,28.02,-71.12,1969,Blanche
179,180,19690814,1200,TD,13.0N,35.5W,25,-999,13.0,-35.08,1969,Debbie
180,181,19690814,0,TD,18.3N,79.7W,30,-999,18.05,-79.12,1969,Camille
181,182,19690825,0,TD,29.5N,78.5W,30,-999,29.08,-78.08,1969,Eve
182,183,19690829,0,TD,11.5N,62.0W,30,-999,11.08,-62.0,1969,Francelia
183,184,19690906,0,TD,24.5N,77.0W,25,1015,24.08,-77.0,1969,Gerda
184,185,19690914,1200,TD,11.9N,47.4W,25,-999,11.15,-47.07,1969,Holly
185,186,19690920,1200,TD,16.0N,47.0W,25,-999,16.0,-47.0,1969,Inga
186,187,19691001,1200,TD,19.0N,83.7W,25,-999,19.0,-83.12,1969,Jenny
187,188,19691007,1200,TD,20.5N,68.0W,25,-999,20.08,-68.0,1969,Kara
188,189,19691017,0,TD,17.3N,85.1W,25,1007,17.05,-85.02,1969,Laurie
189,190,19691121,1200,TS,10.3N,81.0W,45,-999,10.05,-81.0,1969,Martha
190,191,19700517,1800,TD,11.5N,79.0W,25,-999,11.08,-79.0,1970,Alma
191,192,19700719,0,TD,18.5N,83.5W,25,-999,18.08,-83.08,1970,Becky
192,193,19700727,1200,TD,33.0N,76.5W,20,-999,33.0,-76.08,1970,Unnamed
193,194,19700731,0,TD,18.5N,82.5W,25,1008,18.08,-82.08,1970,Celia
194,195,19700817,1200,TD,11.0N,41.0W,25,-999,11.0,-41.0,1970,Dorothy
195,196,19700908,1200,TD,15.3N,83.5W,25,-999,15.05,-83.08,1970,Ella
196,197,19700912,0,TD,25.5N,77.5W,25,-999,25.08,-77.08,1970,Felice
197,198,19700926,1200,TS,22.4N,75.4W,35,1010,22.07,-75.07,1970,Greta
198,199,19710704,1200,TD,33.5N,75.5W,25,-999,33.08,-75.08,1971,Arlene
199,200,19710707,1200,TD,29.0N,92.0W,20,-999,29.0,-92.0,1971,Unnamed
200,201,19710810,1200,TD,26.7N,79.9W,20,-999,26.12,-79.15,1971,Beth
201,202,19710818,1200,TD,13.0N,52.5W,30,1007,13.0,-52.08,1971,Chloe
202,203,19710820,1200,TD,11.5N,47.0W,25,-999,11.08,-47.0,1971,Doria
203,204,19710903,1200,TD,27.5N,87.5W,25,-999,27.08,-87.08,1971,Fern
204,205,19710905,1800,TD,11.4N,58.0W,25,1010,11.07,-58.0,1971,Edith
205,206,19710906,0,TD,25.5N,71.5W,25,-999,25.08,-71.08,1971,Ginger
206,207,19710911,0,TD,27.1N,72.0W,30,-999,27.02,-72.0,1971,Heidi
207,208,19710911,1800,TD,11.0N,48.5W,25,1009,11.0,-48.08,1971,Irene
208,209,19710921,600,TD,11.5N,38.8W,25,-999,11.08,-38.13,1971,Janice
209,210,19711018,0,TD,25.0N,58.5W,25,-999,25.0,-58.08,1971,Kristy
210,211,19711112,1200,TD,12.0N,78.5W,25,-999,12.0,-78.08,1971,Laura
211,212,19720523,1800,SD,31.2N,78.2W,25,1004,31.03,-78.03,1972,Alpha
212,213,19720614,1200,TD,20.0N,89.0W,25,-999,20.0,-89.0,1972,Agnes
213,214,19720619,0,TD,27.5N,69.0W,20,-999,27.08,-69.0,1972,Unnamed
214,215,19720822,1200,SD,36.5N,64.0W,30,-999,36.08,-64.0,1972,Betty
215,216,19720829,1200,TD,29.0N,78.5W,30,1012,29.0,-78.08,1972,Carrie
216,217,19720905,0,TD,23.8N,79.4W,30,-999,23.13,-79.07,1972,Dawn
217,218,19720919,1200,SD,37.5N,59.5W,25,-999,37.08,-59.08,1972,Charlie
218,219,19721101,1800,SD,35.0N,47.5W,25,1013,35.0,-47.08,1972,Delta
219,220,19730418,1200,TD,24.0N,65.0W,20,-999,24.0,-65.0,1973,Unnamed
220,221,19730701,1800,TD,26.0N,67.8W,30,1006,26.0,-67.13,1973,Alice
221,222,19730730,1200,SD,32.6N,74.1W,25,1013,32.1,-74.02,1973,Alfa
222,223,19730818,600,TD,20.5N,83.7W,30,-999,20.08,-83.12,1973,Brenda
223,224,19730825,1200,TD,11.0N,14.0W,30,-999,11.0,-14.0,1973,Christine
224,225,19730901,1800,TD,20.5N,86.5W,30,1008,20.08,-86.08,1973,Delia
225,226,19730914,1200,TD,10.5N,22.4W,30,-999,10.08,-22.07,1973,Ellen
226,227,19731008,1800,SD,30.0N,65.8W,30,1008,30.0,-65.13,1973,Fran
227,228,19731016,600,TD,16.3N,82.0W,30,1008,16.05,-82.0,1973,Gilda
228,229,19740622,1200,TD,19.0N,95.0W,20,-999,19.0,-95.0,1974,Unnamed
229,230,19740812,1200,TD,10.5N,43.0W,25,1010,10.08,-43.0,1974,Alma
230,231,19740826,1200,TD,27.0N,69.0W,25,-999,27.0,-69.0,1974,Becky
231,232,19740829,600,TD,16.8N,55.8W,30,1011,16.13,-55.13,1974,Carmen
232,233,19740902,1800,TD,27.2N,67.9W,30,-999,27.03,-67.15,1974,Dolly
233,234,19740904,1800,TD,14.7N,50.5W,25,-999,14.12,-50.08,1974,Elaine
234,235,19740914,1200,TD,15.3N,65.0W,30,-999,15.05,-65.0,1974,Fifi
235,236,19740927,1200,TD,10.7N,45.1W,30,-999,10.12,-45.02,1974,Gertrude
236,237,19750624,1200,TD,32.5N,52.0W,20,-999,32.08,-52.0,1975,Unnamed
237,238,19750627,0,TD,27.5N,79.0W,25,1013,27.08,-79.0,1975,Amy
238,239,19750724,0,TD,26.0N,68.4W,20,1014,26.0,-68.07,1975,Blanche
239,240,19750824,1200,TD,22.4N,69.8W,25,1011,22.07,-69.13,1975,Caroline
240,241,19750828,1200,SS,33.3N,46.3W,35,1005,33.05,-46.05,1975,Doris
241,242,19750913,600,TD,17.5N,54.1W,25,-999,17.08,-54.02,1975,Eloise
242,243,19750918,600,TD,17.5N,33.5W,25,-999,17.08,-33.08,1975,Faye
243,244,19750922,1800,TD,10.3N,34.8W,25,1012,10.05,-34.13,1975,Gladys
244,245,19751024,1800,SD,29.1N,79.3W,30,1006,29.02,-79.05,1975,Hallie
245,246,19760521,1200,SD,24.0N,89.0W,20,1010,24.0,-89.0,1976,Unnamed
246,247,19760728,1800,SD,28.0N,52.3W,20,1015,28.0,-52.05,1976,Anna
247,248,19760806,600,TD,26.0N,72.8W,25,1012,26.0,-72.13,1976,Belle
248,249,19760818,0,TD,26.0N,84.0W,20,1010,26.0,-84.0,1976,Dottie
249,250,19760818,1200,TD,31.7N,68.2W,30,1007,31.12,-68.03,1976,Candice
250,251,19760820,1200,TD,14.0N,48.0W,20,1012,14.0,-48.0,1976,Emmy
251,252,19760827,1200,TD,12.5N,37.5W,25,1009,12.08,-37.08,1976,Frances
252,253,19760926,1200,TD,23.0N,58.0W,20,1009,23.0,-58.0,1976,Gloria
253,254,19761022,1800,TD,19.1N,55.8W,25,1006,19.02,-55.13,1976,Holly
254,255,19770613,1200,TD,25.0N,94.5W,20,-999,25.0,-94.08,1977,Unnamed
255,256,19770829,1200,TD,26.9N,88.4W,20,1012,26.15,-88.07,1977,Anita
256,257,19770903,600,SD,26.8N,86.3W,25,1007,26.13,-86.05,1977,Babe
257,258,19770905,1200,TD,32.8N,80.0W,20,1015,32.13,-80.0,1977,Clara
258,259,19770926,1800,TD,28.5N,71.5W,20,1010,28.08,-71.08,1977,Dorothy
259,260,19771013,1800,TD,26.9N,62.9W,30,1010,26.15,-62.15,1977,Evelyn
260,261,19771016,1800,TD,17.3N,83.2W,25,1011,17.05,-83.03,1977,Frieda
261,262,19780118,1200,SD,22.0N,44.0W,25,1013,22.0,-44.0,1978,Unnamed
262,263,19780730,1800,TD,25.7N,97.0W,30,1006,25.12,-97.0,1978,Amelia
263,264,19780805,1200,TD,25.3N,90.4W,20,1012,25.05,-90.07,1978,Bess
264,265,19780807,1200,TD,13.0N,35.0W,25,1010,13.0,-35.0,1978,Cora
265,266,19780826,1200,TD,23.4N,88.4W,25,1010,23.07,-88.07,1978,Debra
266,267,19780830,0,TD,26.2N,59.7W,20,1012,26.03,-59.12,1978,Ella
267,268,19780904,0,TD,12.0N,39.0W,25,1006,12.0,-39.0,1978,Flossie
268,269,19780912,0,SD,29.8N,80.0W,25,1012,29.13,-80.0,1978,Hope
269,270,19780913,1800,TD,11.0N,62.5W,25,-999,11.0,-62.08,1978,Greta
270,271,19781002,1200,SD,31.7N,31.5W,30,1010,31.12,-31.08,1978,Irma
271,272,19781007,1800,TD,18.0N,55.6W,25,1011,18.0,-55.1,1978,Juliet
272,273,19781028,1800,TD,23.5N,72.7W,30,1008,23.08,-72.12,1978,Kendra
273,274,19790611,1200,TD,17.4N,81.1W,20,-999,17.07,-81.02,1979,Unnamed
274,275,19790619,1200,TD,10.0N,45.0W,25,1011,10.0,-45.0,1979,Ana
275,276,19790709,1200,TD,22.0N,96.0W,20,1012,22.0,-96.0,1979,Bob
276,277,19790715,1200,TD,12.5N,46.3W,20,1014,12.08,-46.05,1979,Claudette
277,278,19790825,1200,TD,11.7N,36.1W,25,1008,11.12,-36.02,1979,David
278,279,19790829,600,TD,11.0N,25.5W,25,1009,11.0,-25.08,1979,Frederic
279,280,19790830,0,TD,25.5N,89.1W,25,1008,25.08,-89.02,1979,Elena
280,281,19790904,1200,TD,15.5N,21.0W,25,1005,15.08,-21.0,1979,Gloria
281,282,19790915,0,TD,20.3N,86.8W,25,1003,20.05,-86.13,1979,Henri
282,283,19800717,0,TD,30.5N,76.5W,20,-999,30.08,-76.08,1980,Unnamed
283,284,19800731,1200,DB,11.0N,30.0W,25,-999,11.0,-30.0,1980,Allen
284,285,19800814,0,TD,12.7N,35.5W,25,1010,12.12,-35.08,1980,Bonnie
285,286,19800820,1200,SD,36.0N,73.0W,25,1010,36.0,-73.0,1980,Charley
286,287,19800901,0,TD,15.6N,38.0W,30,1010,15.1,-38.0,1980,Georges
287,288,19800904,1200,TD,17.7N,24.0W,25,1008,17.12,-24.0,1980,Earl
288,289,19800904,1800,TD,28.3N,90.6W,25,1010,28.05,-90.1,1980,Danielle
289,290,19800906,0,TD,12.5N,19.0W,25,1010,12.08,-19.0,1980,Frances
290,291,19800920,1200,TD,14.6N,77.2W,25,1008,14.1,-77.03,1980,Hermine
291,292,19801001,0,EX,33.6N,20.0W,25,1010,33.1,-20.0,1980,Ivan
292,293,19801107,1800,DB,13.6N,82.6W,20,1008,13.1,-82.1,1980,Jeanne
293,294,19801125,0,SS,36.0N,46.0W,50,988,36.0,-46.0,1980,Karl
294,295,19810406,1200,TD,21.0N,61.5W,25,-999,21.0,-61.08,1981,Unnamed
295,296,19810506,1800,TD,18.4N,83.6W,30,1006,18.07,-83.1,1981,Arlene
296,297,19810629,1200,SS,36.0N,65.0W,35,1012,36.0,-65.0,1981,Bret
297,298,19810802,1800,SD,36.1N,67.8W,30,1010,36.02,-67.13,1981,Cindy
298,299,19810807,600,TD,10.5N,25.7W,30,1009,10.08,-25.12,1981,Dennis
299,300,19810831,1200,SD,29.8N,72.7W,30,1008,29.13,-72.12,1981,Emily
300,301,19810903,1200,TD,16.2N,60.3W,20,1010,16.03,-60.05,1981,Floyd
301,302,19810907,0,TD,14.8N,54.0W,25,1013,14.13,-54.0,1981,Gert
302,303,19810911,1800,TD,14.0N,49.0W,25,1009,14.0,-49.0,1981,Harvey
303,304,19810921,1200,TD,13.5N,32.5W,25,1015,13.08,-32.08,1981,Irene
304,305,19811029,1200,TD,25.0N,47.5W,25,1010,25.0,-47.08,1981,Jose
305,306,19811103,0,TD,16.9N,81.2W,25,1005,16.15,-81.03,1981,Katrina
306,307,19820602,1200,TD,21.7N,87.1W,20,1005,21.12,-87.02,1982,Alberto
307,308,19820618,0,SD,25.8N,86.4W,25,1004,25.13,-86.07,1982,Unnamed
308,309,19820828,1200,TD,13.7N,22.2W,30,1008,13.12,-22.03,1982,Beryl
309,310,19820909,0,SD,26.2N,91.0W,25,1010,26.03,-91.0,1982,Chris
310,311,19820913,1200,TD,19.8N,69.5W,30,1010,19.13,-69.08,1982,Debby
311,312,19820930,1200,TD,24.8N,65.4W,30,1006,24.13,-65.07,1982,Ernesto
312,313,19830723,1200,TD,10.0N,38.0W,20,-999,10.0,-38.0,1983,Unnamed
313,314,19830815,1200,TD,27.3N,90.5W,30,1009,27.05,-90.08,1983,Alicia
314,315,19830823,1800,TD,26.0N,76.0W,25,1012,26.0,-76.0,1983,Barry
315,316,19830910,1200,TD,30.2N,64.4W,25,1010,30.03,-64.07,1983,Chantal
316,317,19830926,1800,SS,28.0N,73.0W,35,1010,28.0,-73.0,1983,Dean
317,318,19840611,1200,TD,28.0N,75.5W,20,-999,28.0,-75.08,1984,Unnamed
318,319,19840828,1800,TD,10.5N,51.0W,25,1010,10.08,-51.0,1984,Arthur
319,320,19840830,1200,TD,13.1N,41.0W,25,1009,13.02,-41.0,1984,Bertha
320,321,19840831,0,SD,36.6N,66.9W,25,1008,36.1,-66.15,1984,Cesar
321,322,19840908,1200,TS,28.5N,77.4W,35,1008,28.08,-77.07,1984,Diana
322,323,19840914,0,TD,20.3N,96.1W,30,1000,20.05,-96.02,1984,Edouard
323,324,19840915,1200,TD,13.7N,21.3W,25,1010,13.12,-21.05,1984,Fran
324,325,19840916,1800,TD,28.6N,65.5W,30,1009,28.1,-65.08,1984,Gustav
325,326,19840923,0,SD,31.3N,58.3W,30,1009,31.05,-58.05,1984,Hortense
326,327,19840925,1200,TD,23.4N,73.0W,30,1003,23.07,-73.0,1984,Isidore
327,328,19841007,600,SD,24.1N,68.9W,25,1010,24.02,-68.15,1984,Josephine
328,329,19841105,1800,TD,14.7N,68.8W,15,1004,14.12,-68.13,1984,Klaus
329,330,19841212,1200,SS,34.5N,60.5W,50,995,34.08,-60.08,1984,Lili
330,331,19850715,1800,TD,29.4N,64.2W,30,1011,29.07,-64.03,1985,Ana
331,332,19850721,600,TD,26.0N,85.0W,25,1012,26.0,-85.0,1985,Bob
332,333,19850809,1800,SD,31.5N,80.5W,25,1013,31.08,-80.08,1985,Claudette
333,334,19850812,0,TD,18.5N,80.7W,25,1010,18.08,-80.12,1985,Danny
334,335,19850828,0,TD,19.8N,74.0W,30,1012,19.13,-74.0,1985,Elena
335,336,19850908,1200,TD,20.0N,27.0W,25,-999,20.0,-27.0,1985,Unnamed
336,337,19850915,1800,TD,23.6N,70.8W,25,1008,23.1,-70.13,1985,Fabian
337,338,19850916,1200,TD,13.3N,23.6W,25,1009,13.05,-23.1,1985,Gloria
338,339,19850921,1800,TD,29.6N,74.3W,25,1008,29.1,-74.05,1985,Henri
339,340,19851007,0,TD,17.8N,69.2W,30,1006,17.13,-69.03,1985,Isabel
340,341,19851026,0,TD,24.5N,90.5W,30,1005,24.08,-90.08,1985,Juan
341,342,19851115,1800,TS,21.1N,63.8W,35,999,21.02,-63.13,1985,Kate
342,343,19860605,0,SD,26.2N,75.8W,30,1007,26.03,-75.13,1986,Andrew
343,344,19860623,1800,TD,25.6N,87.2W,25,1014,25.1,-87.03,1986,Bonnie
344,345,19860723,1200,TD,24.0N,54.9W,20,-999,24.0,-54.15,1986,Unnamed
345,346,19860813,1200,SD,30.1N,84.0W,10,1009,30.02,-84.0,1986,Charley
346,347,19860907,600,TD,10.5N,52.0W,25,1008,10.08,-52.0,1986,Danielle
347,348,19860910,1800,TD,21.8N,50.8W,30,1010,21.13,-50.13,1986,Earl
348,349,19861118,1800,TD,22.8N,62.8W,30,1009,22.13,-62.13,1986,Frances
349,350,19870524,1200,TD,21.2N,68.5W,25,-999,21.03,-68.08,1987,Unnamed
350,351,19870808,0,LO,34.3N,77.5W,10,1016,34.05,-77.08,1987,Arlene
351,352,19870818,0,TD,14.8N,20.0W,25,1011,14.13,-20.0,1987,Bret
352,353,19870905,1200,TD,15.2N,31.3W,25,1011,15.03,-31.05,1987,Cindy
353,354,19870908,1800,TD,10.8N,18.4W,25,1012,10.13,-18.07,1987,Dennis
354,355,19870920,0,TD,9.8N,51.3W,25,1008,9.13,-51.05,1987,Emily
355,356,19871009,600,TD,15.0N,82.6W,25,1004,15.0,-82.1,1987,Floyd
356,357,19880805,1800,TD,32.0N,77.5W,20,1015,32.0,-77.08,1988,Alberto
357,358,19880808,0,TD,30.4N,90.3W,25,1010,30.07,-90.05,1988,Beryl
358,359,19880821,1200,TD,14.9N,43.3W,25,1009,14.15,-43.05,1988,Chris
359,360,19880831,1800,TD,20.1N,91.0W,25,1006,20.02,-91.0,1988,Debby
360,361,19880903,0,TD,32.5N,60.5W,25,1016,32.08,-60.08,1988,Ernesto
361,362,19880907,0,TD,12.5N,17.5W,25,1011,12.08,-17.08,1988,Unnamed
362,363,19880907,600,TD,22.8N,92.0W,25,1000,22.13,-92.0,1988,Florence
363,364,19880908,1800,TD,12.0N,54.0W,25,1008,12.0,-54.0,1988,Gilbert
364,365,19880919,1800,TD,13.4N,31.6W,30,1009,13.07,-31.1,1988,Helene
365,366,19880928,1800,TD,9.0N,45.5W,25,1009,9.0,-45.08,1988,Isaac
366,367,19881010,1800,TD,8.9N,42.2W,25,1010,8.15,-42.03,1988,Joan
367,368,19881117,1800,TD,14.9N,74.3W,30,1008,14.15,-74.05,1988,Keith
368,369,19890615,1800,TD,20.7N,94.3W,25,-999,20.12,-94.05,1989,Unnamed
369,370,19890624,1800,TD,27.0N,96.0W,30,1008,27.0,-96.0,1989,Allison
370,371,19890709,1800,TD,12.8N,37.8W,25,1015,12.13,-37.13,1989,Barry
371,372,19890730,1200,TD,22.5N,90.0W,20,1011,22.08,-90.0,1989,Chantal
372,373,19890731,600,TD,14.8N,41.8W,25,1010,14.13,-41.13,1989,Dean
373,374,19890818,0,TD,14.3N,22.4W,25,1012,14.05,-22.07,1989,Erin
374,375,19890826,0,TD,16.8N,21.0W,25,1009,16.13,-21.0,1989,Felix
375,376,19890830,1200,TD,11.6N,21.0W,25,1011,11.1,-21.0,1989,Gabrielle
376,377,19890910,1200,TD,13.2N,20.0W,25,1010,13.03,-20.0,1989,Hugo
377,378,19890916,1800,TD,11.3N,44.0W,25,1017,11.05,-44.0,1989,Iris
378,379,19891012,1200,TD,19.4N,92.4W,25,1009,19.07,-92.07,1989,Jerry
379,380,19891128,1200,TD,17.1N,84.0W,25,1005,17.02,-84.0,1989,Karen
380,381,19900524,1800,TD,18.8N,84.0W,25,-999,18.13,-84.0,1990,Unnamed
381,382,19900722,600,TD,8.8N,41.9W,25,1010,8.13,-41.15,1990,Arthur
382,383,19900724,1200,SD,34.0N,75.0W,20,1012,34.0,-75.0,1990,Bertha
383,384,19900731,0,TD,10.1N,22.2W,25,1014,10.02,-22.03,1990,Cesar
384,385,19900802,1800,SD,38.0N,23.0W,30,1015,38.0,-23.0,1990,Edouard
385,386,19900804,0,TD,13.2N,79.5W,25,1009,13.03,-79.08,1990,Diana
386,387,19900811,1200,TD,9.0N,32.1W,25,1010,9.0,-32.02,1990,Fran
387,388,19900824,600,TD,12.6N,45.9W,25,1010,12.1,-45.15,1990,Gustav
388,389,19900825,0,TD,12.5N,35.0W,25,1010,12.08,-35.0,1990,Hortense
389,390,19900904,0,TD,7.2N,23.4W,25,1010,7.03,-23.07,1990,Isidore
390,391,19900921,600,TD,14.0N,32.0W,30,1009,14.0,-32.0,1990,Josephine
391,392,19901003,1200,TD,15.6N,59.3W,30,1008,15.1,-59.05,1990,Klaus
392,393,19901006,600,SS,36.0N,44.0W,45,1000,36.0,-44.0,1990,Lili
393,394,19901009,1200,TD,22.5N,79.5W,25,1004,22.08,-79.08,1990,Marco
394,395,19901016,0,TD,22.2N,60.4W,25,1009,22.03,-60.07,1990,Nana
395,396,19910629,1200,LO,25.9N,78.0W,20,1012,25.15,-78.0,1991,Ana
396,397,19910705,1800,TD,23.4N,96.2W,25,-999,23.07,-96.03,1991,Unnamed
397,398,19910816,0,TD,25.6N,74.3W,25,1014,25.1,-74.05,1991,Bob
398,399,19910904,1200,TD,26.7N,55.9W,25,1014,26.12,-55.15,1991,Claudette
399,400,19910907,0,TD,10.4N,25.8W,25,1010,10.07,-25.13,1991,Danny
400,401,19910908,1800,TD,24.2N,49.1W,25,1011,24.03,-49.02,1991,Erika
401,402,19911015,0,TD,18.9N,85.7W,25,1010,18.15,-85.12,1991,Fabian
402,403,19911025,1800,SD,27.1N,64.9W,25,1008,27.02,-64.15,1991,Grace
403,404,19920421,1200,SD,24.0N,59.0W,25,1006,24.0,-59.0,1992,Unnamed
404,405,19920816,1800,TD,10.8N,35.5W,25,1010,10.13,-35.08,1992,Andrew
405,406,19920917,1800,TD,33.8N,59.0W,30,1009,33.13,-59.0,1992,Bonnie
406,407,19920921,1800,TD,30.0N,33.0W,25,1012,30.0,-33.0,1992,Charley
407,408,19920922,1200,TD,32.5N,74.6W,30,1009,32.08,-74.1,1992,Danielle
408,409,19920926,1800,TD,26.2N,69.1W,25,1009,26.03,-69.02,1992,Earl
409,410,19921022,1200,EX,26.3N,60.8W,30,1009,26.05,-60.13,1992,Frances
410,411,19930531,1200,TD,21.5N,84.0W,25,1003,21.08,-84.0,1993,Unnamed
411,412,19930618,0,TD,20.5N,91.9W,25,1006,20.08,-91.15,1993,Arlene
412,413,19930804,1200,TD,10.4N,40.3W,30,1010,10.07,-40.05,1993,Bret
413,414,19930814,1200,TD,14.1N,59.5W,30,1012,14.02,-59.08,1993,Cindy
414,415,19930822,1800,TD,19.9N,52.6W,30,1020,19.15,-52.1,1993,Emily
415,416,19930823,1200,TD,13.6N,30.8W,25,1010,13.1,-30.13,1993,Dennis
416,417,19930907,1200,TD,24.7N,67.5W,25,1012,24.12,-67.08,1993,Floyd
417,418,19930914,1800,TD,10.6N,80.7W,25,1008,10.1,-80.12,1993,Gert
418,419,19930918,1800,TD,26.7N,61.8W,30,1014,26.12,-61.13,1993,Harvey
419,420,19940630,600,TD,21.7N,83.6W,25,1011,21.12,-83.1,1994,Alberto
420,421,19940720,600,TD,32.2N,78.9W,25,1017,32.03,-78.15,1994,Unnamed
421,422,19940814,1200,TD,28.7N,87.2W,20,1013,28.12,-87.03,1994,Beryl
422,423,19940816,1200,TD,11.3N,39.4W,30,1010,11.05,-39.07,1994,Chris
423,424,19940909,1200,TD,13.1N,56.8W,25,1011,13.02,-56.13,1994,Debby
424,425,19940921,1800,TD,10.1N,29.9W,25,1010,10.02,-29.15,1994,Ernesto
425,426,19941102,0,SD,22.7N,47.0W,30,1011,22.12,-47.0,1994,Florence
426,427,19941108,1200,TD,11.9N,82.3W,25,1009,11.15,-82.05,1994,Gordon
427,428,19950603,0,TD,17.4N,84.3W,30,1005,17.07,-84.05,1995,Allison
428,429,19950705,600,TD,32.0N,72.0W,20,1019,32.0,-72.0,1995,Barry
429,430,19950712,0,TD,17.1N,54.9W,25,1012,17.02,-54.15,1995,Chantal
430,431,19950728,1800,TD,26.2N,86.6W,25,1009,26.03,-86.1,1995,Dean
431,432,19950731,0,TS,22.3N,73.2W,45,1004,22.05,-73.03,1995,Erin
432,433,19950805,1800,TD,20.2N,95.2W,20,1008,20.03,-95.03,1995,Unnamed
433,434,19950808,0,TD,14.3N,30.8W,30,1010,14.05,-30.13,1995,Felix
434,435,19950809,1800,TD,23.7N,94.8W,30,1007,23.12,-94.13,1995,Gabrielle
435,436,19950822,0,TD,13.2N,33.0W,30,1009,13.03,-33.0,1995,Humberto
436,437,19950822,1200,TD,13.2N,49.3W,30,1008,13.03,-49.05,1995,Iris
437,438,19950822,1800,TD,23.7N,78.7W,20,1010,23.12,-78.12,1995,Jerry
438,439,19950826,1200,TD,15.4N,32.7W,30,1009,15.07,-32.12,1995,Karen
439,440,19950828,1800,TD,11.4N,27.5W,30,1008,11.07,-27.08,1995,Luis
440,441,19950912,1800,TD,11.7N,50.9W,30,1006,11.12,-50.15,1995,Marilyn
441,442,19950926,1800,TD,10.4N,37.7W,25,1007,10.07,-37.12,1995,Noel
442,443,19950927,1800,TD,19.1N,87.3W,25,1004,19.02,-87.05,1995,Opal
443,444,19951004,1800,TD,8.3N,31.4W,30,1009,8.05,-31.07,1995,Pablo
444,445,19951007,1800,TD,14.0N,82.1W,25,1005,14.0,-82.02,1995,Roxanne
445,446,19951020,1200,TD,13.8N,53.8W,25,1006,13.13,-53.13,1995,Sebastien
446,447,19951027,0,TD,24.6N,59.2W,30,1004,24.1,-59.03,1995,Tanya
447,448,19960617,1800,TD,26.8N,77.8W,25,1010,26.13,-77.13,1996,Arthur
448,449,19960705,0,TD,9.8N,34.0W,30,1009,9.13,-34.0,1996,Bertha
449,450,19960724,1800,TD,11.8N,62.6W,25,1009,11.13,-62.1,1996,Cesar
450,451,19960819,600,TD,17.3N,80.2W,25,1009,17.05,-80.03,1996,Dolly
451,452,19960819,1800,TD,12.4N,19.9W,25,1007,12.07,-19.15,1996,Edouard
452,453,19960823,1200,TD,14.0N,21.0W,25,1012,14.0,-21.0,1996,Fran
453,454,19960826,0,TD,12.7N,23.0W,30,1008,12.12,-23.0,1996,Gustav
454,455,19960903,1200,TD,14.9N,41.0W,25,1006,14.15,-41.0,1996,Hortense
455,456,19960924,1200,TD,8.6N,23.3W,25,1008,8.1,-23.05,1996,Isidore
456,457,19961004,1800,TD,22.7N,96.2W,25,1003,22.12,-96.03,1996,Josephine
457,458,19961011,1200,TD,17.3N,86.5W,30,1006,17.05,-86.08,1996,Kyle
458,459,19961014,1200,TD,12.8N,80.4W,25,1006,12.13,-80.07,1996,Lili
459,460,19961113,1200,LO,10.5N,77.5W,20,1009,10.08,-77.08,1996,Marco
460,461,19970531,1800,LO,28.5N,77.4W,25,1011,28.08,-77.07,1997,Unnamed
461,462,19970630,1200,TD,32.0N,77.2W,30,1013,32.0,-77.03,1997,Ana
462,463,19970711,600,TD,30.4N,69.9W,30,1014,30.07,-69.15,1997,Bill
463,464,19970713,0,EX,31.3N,73.6W,25,1012,31.05,-73.1,1997,Claudette
464,465,19970716,1200,TD,27.4N,92.6W,25,1013,27.07,-92.1,1997,Danny
465,466,19970903,600,TD,10.9N,44.1W,30,1006,10.15,-44.02,1997,Erika
466,467,19971004,1800,TD,24.2N,64.5W,25,1009,24.03,-64.08,1997,Fabian
467,468,19971014,1200,TD,20.0N,68.7W,30,1002,20.0,-68.12,1997,Grace
468,469,19980727,1200,TD,11.3N,25.4W,25,1009,11.05,-25.07,1998,Alex
469,470,19980819,1200,TD,14.7N,48.1W,25,1009,14.12,-48.02,1998,Bonnie
470,471,19980821,600,TD,25.3N,92.3W,25,1008,25.05,-92.05,1998,Charley
471,472,19980824,600,TD,13.4N,34.3W,25,1007,13.07,-34.05,1998,Danielle
472,473,19980831,1200,TD,21.6N,93.5W,30,1005,21.1,-93.08,1998,Earl
473,474,19980908,1800,TD,25.5N,94.5W,30,1000,25.08,-94.08,1998,Frances
474,475,19980915,1200,TD,9.7N,25.1W,30,1009,9.12,-25.02,1998,Georges
475,476,19980917,1200,TD,26.9N,90.3W,30,1001,26.15,-90.05,1998,Hermine
476,477,19980919,0,TD,13.4N,26.6W,25,1010,13.07,-26.1,1998,Ivan
477,478,19980921,600,TD,9.6N,17.4W,30,1008,9.1,-17.07,1998,Jeanne
478,479,19980923,1200,TD,33.3N,65.4W,25,1003,33.05,-65.07,1998,Karl
479,480,19981005,0,TD,13.9N,46.4W,30,1008,13.15,-46.07,1998,Lisa
480,481,19981022,0,TD,11.6N,76.1W,30,1002,11.1,-76.02,1998,Mitch
481,482,19981124,0,TD,28.3N,28.0W,30,1010,28.05,-28.0,1998,Nicole
482,483,19990611,1800,TD,27.1N,58.1W,30,1010,27.02,-58.02,1999,Arlene
483,484,19990702,1800,TD,20.2N,95.0W,30,1006,20.03,-95.0,1999,Unnamed
484,485,19990818,1800,TD,19.5N,94.4W,30,1010,19.08,-94.07,1999,Bret
485,486,19990819,0,TD,13.5N,18.9W,30,1003,13.08,-18.15,1999,Cindy
486,487,19990824,0,TD,21.5N,67.7W,30,1009,21.08,-67.12,1999,Dennis
487,488,19990824,600,TD,11.5N,53.6W,30,1007,11.08,-53.1,1999,Emily
488,489,19990907,1800,TD,14.6N,45.6W,25,1008,14.1,-45.1,1999,Floyd
489,490,19990911,1200,TD,12.6N,24.2W,30,1006,12.1,-24.03,1999,Gert
490,491,19990919,600,TD,25.0N,87.8W,30,1005,25.0,-87.13,1999,Harvey
491,492,19991012,1200,LO,15.9N,82.0W,20,1006,15.15,-82.0,1999,Irene
492,493,19991017,1800,TD,9.8N,50.8W,25,1006,9.13,-50.13,1999,Jose
493,494,19991028,1800,TD,11.4N,80.9W,30,1001,11.07,-80.15,1999,Katrina
494,495,19991113,1800,TD,16.7N,81.6W,30,1003,16.12,-81.1,1999,Lenny
495,496,20000607,1800,TD,21.0N,93.0W,25,1008,21.0,-93.0,2000,Unnamed
496,497,20000803,1800,TD,10.8N,18.0W,25,1007,10.13,-18.0,2000,Alberto
497,498,20000813,1800,TD,22.5N,93.5W,30,1008,22.08,-93.08,2000,Beryl
498,499,20000817,1200,TD,14.2N,51.9W,25,1009,14.03,-51.15,2000,Chris
499,500,20000819,1800,TD,12.0N,44.5W,30,1010,12.0,-44.08,2000,Debby
500,501,20000901,1200,TD,14.8N,45.2W,25,1009,14.13,-45.03,2000,Ernesto
501,502,20000910,1800,SD,30.9N,70.9W,30,1007,30.15,-70.15,2000,Florence
502,503,20000914,1200,TD,19.8N,87.3W,25,1008,19.13,-87.05,2000,Gordon
503,504,20000915,1200,TD,14.9N,52.2W,25,1010,14.15,-52.03,2000,Helene
504,505,20000921,1200,TD,11.5N,23.0W,30,1008,11.08,-23.0,2000,Isaac
505,506,20000925,1200,TD,11.2N,29.6W,25,1009,11.03,-29.1,2000,Joyce
506,507,20000928,1800,TD,16.1N,82.9W,25,1005,16.02,-82.15,2000,Keith
507,508,20001004,1200,SD,29.0N,81.4W,30,1012,29.0,-81.07,2000,Leslie
508,509,20001015,1200,SD,30.0N,71.2W,30,1007,30.0,-71.03,2000,Michael
509,510,20001019,1200,TD,26.2N,59.9W,25,1009,26.03,-59.15,2000,Nadine
510,511,20010605,1200,TS,27.5N,95.0W,40,1007,27.08,-95.0,2001,Allison
511,512,20010711,1800,TD,10.9N,42.1W,25,1011,10.15,-42.02,2001,Unnamed
512,513,20010802,1200,TD,25.7N,84.8W,30,1011,25.12,-84.13,2001,Barry
513,514,20010814,1800,TD,12.8N,37.0W,25,1010,12.13,-37.0,2001,Chantal
514,515,20010822,1200,TS,17.9N,64.3W,45,1010,17.15,-64.05,2001,Dean
515,516,20010901,1800,TD,12.5N,34.3W,30,1006,12.08,-34.05,2001,Erin
516,517,20010907,1800,TD,13.9N,28.4W,30,1008,13.15,-28.07,2001,Felix
517,518,20010911,1800,TD,25.8N,84.1W,25,1010,25.13,-84.02,2001,Gabrielle
518,519,20010921,1200,TD,25.1N,64.2W,25,1012,25.02,-64.03,2001,Humberto
519,520,20011004,1200,TD,12.3N,58.2W,25,1011,12.05,-58.03,2001,Iris
520,521,20011006,1200,TD,10.6N,50.6W,25,1008,10.1,-50.1,2001,Jerry
521,522,20011011,600,EX,27.5N,63.0W,30,1009,27.08,-63.0,2001,Karen
522,523,20011027,1200,TD,27.2N,34.9W,30,1010,27.03,-34.15,2001,Lorenzo
523,524,20011029,1800,TD,13.3N,83.6W,30,1004,13.05,-83.1,2001,Michelle
524,525,20011104,0,SS,33.9N,50.4W,45,988,33.15,-50.07,2001,Noel
525,526,20011123,600,EX,30.5N,51.0W,25,1003,30.08,-51.0,2001,Olga
526,527,20020714,1800,TD,34.3N,76.8W,30,1009,34.05,-76.13,2002,Arthur
527,528,20020804,1800,TD,29.0N,88.5W,25,1012,29.0,-88.08,2002,Bertha
528,529,20020805,1800,TD,32.0N,77.2W,30,1008,32.0,-77.03,2002,Cristobal
529,530,20020829,1200,TD,9.5N,31.2W,30,1007,9.08,-31.03,2002,Dolly
530,531,20020901,1800,TD,29.2N,78.8W,30,1013,29.03,-78.13,2002,Edouard
531,532,20020905,1800,TD,28.0N,93.8W,30,1009,28.0,-93.13,2002,Fay
532,533,20020907,1200,TD,24.3N,47.5W,30,1013,24.05,-47.08,2002,Unnamed
533,534,20020908,1200,SD,29.0N,71.0W,30,1009,29.0,-71.0,2002,Gustav
534,535,20020912,0,TD,26.3N,86.6W,30,1001,26.05,-86.1,2002,Hanna
535,536,20020914,1800,TD,10.0N,60.5W,25,1009,10.0,-60.08,2002,Isidore
536,537,20020917,1200,TD,32.7N,52.4W,30,1016,32.12,-52.07,2002,Josephine
537,538,20020920,1800,SD,28.3N,51.8W,25,1007,28.05,-51.13,2002,Kyle
538,539,20020921,1800,TD,10.2N,44.6W,25,1009,10.03,-44.1,2002,Lili
539,540,20030418,0,EX,29.1N,66.2W,30,1008,29.02,-66.03,2003,Ana
540,541,20030611,0,TD,9.5N,40.8W,30,1009,9.08,-40.13,2003,Unnamed
541,542,20030628,600,LO,19.5N,89.0W,20,1009,19.08,-89.0,2003,Bill
542,543,20030707,0,WV,11.1N,53.5W,25,1010,11.02,-53.08,2003,Claudette
543,544,20030716,1200,TD,30.8N,54.1W,25,1017,30.13,-54.02,2003,Danny
544,545,20030814,1800,TS,26.4N,83.3W,35,1011,26.07,-83.05,2003,Erika
545,546,20030827,1800,TD,14.6N,30.7W,25,1009,14.1,-30.12,2003,Fabian
546,547,20030830,1200,TD,24.3N,92.4W,30,1008,24.05,-92.07,2003,Grace
547,548,20030903,1800,TD,27.4N,87.7W,25,1013,27.07,-87.12,2003,Henri
548,549,20030906,0,TD,13.8N,31.4W,30,1009,13.13,-31.07,2003,Isabel
549,550,20030924,1200,TD,28.2N,62.4W,25,1009,28.03,-62.07,2003,Juan
550,551,20030925,1800,TD,11.8N,37.7W,30,1008,11.13,-37.12,2003,Kate
551,552,20030927,1800,LO,18.5N,84.7W,15,1009,18.08,-84.12,2003,Larry
552,553,20031010,1800,TS,19.1N,68.8W,40,1004,19.02,-68.13,2003,Mindy
553,554,20031013,0,TD,9.5N,37.0W,25,1009,9.08,-37.0,2003,Nicholas
554,555,20031204,1200,TD,12.9N,76.2W,30,1005,12.15,-76.03,2003,Odette
555,556,20031207,1800,SS,27.5N,34.5W,40,1005,27.08,-34.08,2003,Peter
556,557,20040731,1800,TD,30.3N,78.3W,25,1010,30.05,-78.05,2004,Alex
557,558,20040803,1200,TD,12.9N,53.6W,25,1010,12.15,-53.1,2004,Bonnie
558,559,20040809,1200,TD,11.4N,59.2W,30,1010,11.07,-59.03,2004,Charley
559,560,20040813,1200,TD,12.3N,21.8W,30,1009,12.05,-21.13,2004,Danielle
560,561,20040813,1800,TD,9.0N,45.6W,30,1011,9.0,-45.1,2004,Earl
561,562,20040825,0,TD,11.1N,35.2W,25,1009,11.02,-35.03,2004,Frances
562,563,20040827,1200,TD,31.8N,78.1W,25,1015,31.13,-78.02,2004,Gaston
563,564,20040827,1800,TD,29.0N,65.2W,25,1016,29.0,-65.03,2004,Hermine
564,565,20040902,1800,TD,9.7N,27.6W,25,1009,9.12,-27.1,2004,Ivan
565,566,20040907,1200,TD,31.5N,39.7W,25,1009,31.08,-39.12,2004,Unnamed
566,567,20040913,1800,TD,15.9N,60.0W,25,1010,15.15,-60.0,2004,Jeanne
567,568,20040916,600,TD,11.2N,29.2W,30,1008,11.03,-29.03,2004,Karl
568,569,20040919,1800,TD,13.3N,32.4W,30,1004,13.05,-32.07,2004,Lisa
569,570,20041008,1200,TD,24.0N,95.4W,30,1007,24.0,-95.07,2004,Matthew
570,571,20041010,0,EX,30.0N,65.2W,40,1000,30.0,-65.03,2004,Nicole
571,572,20041126,0,EX,28.0N,40.0W,30,1009,28.0,-40.0,2004,Otto
572,573,20050608,1800,TD,16.9N,84.0W,25,1004,16.15,-84.0,2005,Arlene
573,574,20050628,1800,TD,19.7N,95.4W,30,1006,19.12,-95.07,2005,Bret
574,575,20050703,1800,TD,18.3N,86.7W,30,1009,18.05,-86.12,2005,Cindy
575,576,20050704,1800,TD,12.0N,60.8W,25,1010,12.0,-60.13,2005,Dennis
576,577,20050711,0,TD,10.7N,42.4W,25,1010,10.12,-42.07,2005,Emily
577,578,20050721,1800,TD,25.0N,75.0W,30,1010,25.0,-75.0,2005,Franklin
578,579,20050723,1800,TD,19.3N,92.9W,25,1011,19.05,-92.15,2005,Gert
579,580,20050802,1800,TD,28.2N,68.8W,30,1006,28.03,-68.13,2005,Harvey
580,581,20050804,1800,TD,12.9N,33.5W,25,1009,12.15,-33.08,2005,Irene
581,582,20050813,1200,TD,13.3N,43.6W,25,1009,13.05,-43.1,2005,Ten
582,583,20050822,1200,TD,19.4N,94.5W,30,1006,19.07,-94.08,2005,Jose
583,584,20050823,1800,TD,23.1N,75.1W,30,1008,23.02,-75.02,2005,Katrina
584,585,20050828,1200,TD,14.0N,45.1W,25,1009,14.0,-45.02,2005,Lee
585,586,20050901,1200,TD,18.8N,45.5W,30,1008,18.13,-45.08,2005,Maria
586,587,20050905,1800,TD,28.4N,67.0W,30,1008,28.07,-67.0,2005,Nate
587,588,20050906,600,TD,25.8N,78.6W,25,1009,25.13,-78.1,2005,Ophelia
588,589,20050917,1200,TD,13.3N,54.5W,30,1008,13.05,-54.08,2005,Philippe
589,590,20050918,0,TD,21.3N,69.9W,25,1009,21.05,-69.15,2005,Rita
590,591,20050930,1200,TD,11.8N,32.7W,25,1009,11.13,-32.12,2005,Nineteen
591,592,20051001,1200,TD,18.9N,85.6W,25,1007,18.15,-85.1,2005,Stan
592,593,20051004,0,LO,33.8N,31.8W,30,1012,33.13,-31.13,2005,Unnamed
593,594,20051005,600,TS,27.3N,79.7W,35,1006,27.05,-79.12,2005,Tammy
594,595,20051008,600,SD,26.1N,57.4W,30,1009,26.02,-57.07,2005,Twenty-Two
595,596,20051008,600,SS,32.9N,20.6W,40,1001,32.15,-20.1,2005,Vince
596,597,20051015,1800,TD,17.6N,78.5W,25,1004,17.1,-78.08,2005,Wilma
597,598,20051022,1200,TD,15.8N,67.5W,30,1007,15.13,-67.08,2005,Alpha
598,599,20051026,1800,TD,10.4N,80.9W,30,1007,10.07,-80.15,2005,Beta
599,600,20051114,0,TD,13.2N,62.1W,30,1007,13.03,-62.02,2005,Gamma
600,601,20051119,1200,EX,27.0N,48.0W,25,1010,27.0,-48.0,2005,Delta
601,602,20051129,600,TS,31.5N,49.2W,45,993,31.08,-49.03,2005,Epsilon
602,603,20051230,0,TD,23.9N,35.6W,30,1009,23.15,-35.1,2005,Zeta
603,604,20060101,0,TS,25.6N,38.3W,50,997,25.1,-38.05,2006,Zeta
604,605,20060610,600,TD,20.0N,85.0W,25,1004,20.0,-85.0,2006,Alberto
605,606,20060716,1200,EX,37.2N,68.7W,30,1009,37.03,-68.12,2006,Unnamed
606,607,20060718,1200,TD,32.3N,73.3W,30,1010,32.05,-73.05,2006,Beryl
607,608,20060801,0,TD,16.3N,58.1W,30,1011,16.05,-58.02,2006,Chris
608,609,20060821,1800,TD,11.6N,21.7W,30,1007,11.1,-21.12,2006,Debby
609,610,20060824,1800,TD,12.7N,61.6W,30,1008,12.12,-61.1,2006,Ernesto
610,611,20060903,1800,TD,14.1N,39.4W,30,1007,14.02,-39.07,2006,Florence
611,612,20060910,1800,TD,20.2N,53.8W,25,1012,20.03,-53.13,2006,Gordon
612,613,20060912,1200,TD,11.9N,22.0W,25,1007,11.15,-22.0,2006,Helene
613,614,20060927,1800,TD,26.1N,52.6W,30,1012,26.02,-52.1,2006,Isaac
614,615,20070506,1200,EX,35.5N,74.0W,35,1012,35.08,-74.0,2007,Andrea
615,616,20070531,0,LO,18.1N,87.0W,25,1008,18.02,-87.0,2007,Barry
616,617,20070731,0,TD,35.5N,66.5W,30,1007,35.08,-66.08,2007,Chantal
617,618,20070813,600,TD,12.2N,28.9W,30,1006,12.03,-28.15,2007,Dean
618,619,20070815,0,TD,23.7N,90.7W,25,1006,23.12,-90.12,2007,Erin
619,620,20070831,1200,TD,11.5N,56.6W,25,1009,11.08,-56.1,2007,Felix
620,621,20070908,0,SS,30.1N,71.8W,40,1011,30.02,-71.13,2007,Gabrielle
621,622,20070912,600,TD,13.0N,43.6W,25,1009,13.0,-43.1,2007,Ingrid
622,623,20070912,600,LO,27.3N,95.0W,25,1009,27.05,-95.0,2007,Humberto
623,624,20070921,1200,SD,29.1N,85.4W,30,1005,29.02,-85.07,2007,Ten
624,625,20070923,0,SD,36.2N,46.1W,30,1008,36.03,-46.02,2007,Jerry
625,626,20070925,0,TD,10.0N,35.9W,30,1006,10.0,-35.15,2007,Karen
626,627,20070925,1800,TD,21.8N,94.8W,25,1009,21.13,-94.13,2007,Lorenzo
627,628,20070928,600,TD,14.0N,25.8W,25,1010,14.0,-25.13,2007,Melissa
628,629,20071011,1200,TD,29.5N,52.6W,30,1011,29.08,-52.1,2007,Fifteen
629,630,20071024,0,LO,18.0N,60.2W,20,1010,18.0,-60.03,2007,Noel
630,631,20071210,1200,LO,18.3N,61.8W,35,1009,18.05,-61.13,2007,Olga
631,632,20080531,0,TS,17.5N,87.5W,35,1005,17.08,-87.08,2008,Arthur
632,633,20080703,600,TD,12.7N,22.9W,30,1008,12.12,-22.15,2008,Bertha
633,634,20080719,0,TD,31.7N,79.8W,25,1010,31.12,-79.13,2008,Cristobal
634,635,20080720,1200,TS,17.8N,83.6W,40,1008,17.13,-83.1,2008,Dolly
635,636,20080803,1200,TD,28.1N,87.4W,25,1010,28.02,-87.07,2008,Edouard
636,637,20080815,1200,TD,18.4N,67.4W,30,1011,18.07,-67.07,2008,Fay
637,638,20080825,0,TD,13.5N,67.4W,25,1008,13.08,-67.07,2008,Gustav
638,639,20080828,0,TD,19.4N,57.3W,30,1007,19.07,-57.05,2008,Hanna
639,640,20080901,600,TD,17.2N,37.0W,30,1006,17.03,-37.0,2008,Ike
640,641,20080902,0,TD,12.3N,21.9W,30,1007,12.05,-21.15,2008,Josephine
641,642,20080925,0,TD,21.5N,70.0W,30,1005,21.08,-70.0,2008,Kyle
642,643,20080926,0,EX,39.0N,35.0W,40,1011,39.0,-35.0,2008,Laura
643,644,20081006,0,TD,18.5N,91.7W,25,1006,18.08,-91.12,2008,Marco
644,645,20081012,600,TD,15.5N,36.6W,30,1007,15.08,-36.1,2008,Nana
645,646,20081013,600,TD,15.4N,69.0W,25,1005,15.07,-69.0,2008,Omar
646,647,20081014,1200,TD,15.5N,82.8W,25,1004,15.08,-82.13,2008,Sixteen
647,648,20081105,1800,TD,13.7N,81.7W,25,1004,13.12,-81.12,2008,Paloma
648,649,20090526,1800,LO,30.6N,75.4W,25,1010,30.1,-75.07,2009,One
649,650,20090810,600,LO,14.3N,24.0W,25,1008,14.05,-24.0,2009,Ana
650,651,20090815,600,TD,11.8N,32.0W,30,1007,11.13,-32.0,2009,Bill
651,652,20090816,600,TD,27.0N,83.4W,30,1011,27.0,-83.07,2009,Claudette
652,653,20090826,900,TS,24.3N,69.6W,40,1009,24.05,-69.1,2009,Danny
653,654,20090901,1800,TS,16.7N,57.3W,45,1007,16.12,-57.05,2009,Erika
654,655,20090907,1800,TD,11.8N,24.0W,30,1005,11.13,-24.0,2009,Fred
655,656,20090925,600,LO,14.8N,29.0W,20,1010,14.13,-29.0,2009,Eight
656,657,20090927,1800,EX,46.0N,43.2W,55,995,46.0,-43.03,2009,Grace
657,658,20091006,0,TD,15.1N,49.2W,30,1008,15.02,-49.03,2009,Henri
658,659,20091104,600,TD,11.0N,81.3W,30,1007,11.0,-81.05,2009,Ida
659,660,20100624,1800,LO,15.9N,82.0W,25,1007,15.15,-82.0,2010,Alex
660,661,20100707,600,LO,21.5N,91.1W,25,1006,21.08,-91.02,2010,Two
661,662,20100722,600,TD,21.5N,73.8W,30,1009,21.08,-73.13,2010,Bonnie
662,663,20100802,1200,TD,12.5N,40.7W,30,1007,12.08,-40.12,2010,Colin
663,664,20100810,600,LO,25.7N,83.0W,25,1008,25.12,-83.0,2010,Five
664,665,20100821,1200,LO,10.7N,31.1W,25,1009,10.12,-31.02,2010,Danielle
665,666,20100824,0,LO,12.4N,19.3W,25,1009,12.07,-19.05,2010,Earl
666,667,20100830,0,LO,14.0N,41.8W,25,1007,14.0,-41.13,2010,Fiona
667,668,20100901,0,LO,12.2N,32.2W,25,1008,12.03,-32.03,2010,Gaston
668,669,20100904,1800,LO,17.5N,95.6W,20,1006,17.08,-95.1,2010,Hermine
669,670,20100908,600,TD,14.0N,22.7W,30,1006,14.0,-22.12,2010,Igor
670,671,20100912,600,TD,12.9N,20.5W,30,1007,12.15,-20.08,2010,Julia
671,672,20100913,1800,LO,16.3N,78.5W,25,1005,16.05,-78.08,2010,Karl
672,673,20100920,0,LO,15.2N,32.0W,25,1008,15.03,-32.0,2010,Lisa
673,674,20100923,1200,TD,13.7N,74.8W,30,1008,13.12,-74.13,2010,Matthew
674,675,20100928,0,LO,19.4N,84.1W,25,1003,19.07,-84.02,2010,Nicole
675,676,20101006,600,SD,22.0N,67.2W,30,1000,22.0,-67.03,2010,Otto
676,677,20101011,0,TD,13.9N,81.8W,30,1006,13.15,-81.13,2010,Paula
677,678,20101019,1800,LO,17.2N,83.4W,30,1008,17.03,-83.07,2010,Richard
678,679,20101028,1800,TD,25.6N,61.2W,30,1006,25.1,-61.03,2010,Shary
679,680,20101029,600,TD,9.0N,53.7W,30,1006,9.0,-53.12,2010,Tomas
680,681,20110628,600,LO,19.9N,92.8W,25,1007,19.15,-92.13,2011,Arlene
681,682,20110716,600,LO,30.7N,79.7W,20,1014,30.12,-79.12,2011,Bret
682,683,20110720,600,TD,33.0N,59.5W,30,1010,33.0,-59.08,2011,Cindy
683,684,20110727,600,TD,21.6N,85.7W,30,1007,21.1,-85.12,2011,Don
684,685,20110802,0,TS,14.9N,61.4W,40,1007,14.15,-61.07,2011,Emily
685,686,20110812,1200,LO,34.7N,66.0W,25,1011,34.12,-66.0,2011,Franklin
686,687,20110813,600,LO,26.2N,58.0W,30,1013,26.03,-58.0,2011,Gert
687,688,20110819,0,TD,15.4N,82.0W,30,1006,15.07,-82.0,2011,Harvey
688,689,20110821,0,TS,15.0N,59.0W,45,1006,15.0,-59.0,2011,Irene
689,690,20110825,0,TD,12.3N,29.0W,30,1006,12.05,-29.0,2011,Ten
690,691,20110826,1200,LO,27.3N,59.0W,30,1016,27.05,-59.0,2011,Jose
691,692,20110828,0,LO,9.5N,19.0W,20,1012,9.08,-19.0,2011,Katia
692,693,20110831,1200,LO,37.1N,64.3W,25,1013,37.02,-64.05,2011,Unnamed
693,694,20110902,0,TD,26.6N,91.4W,30,1007,26.1,-91.07,2011,Lee
694,695,20110906,1800,TD,11.5N,35.9W,30,1008,11.08,-35.15,2011,Maria
695,696,20110906,1800,LO,20.3N,93.9W,30,1006,20.05,-93.15,2011,Nate
696,697,20110920,600,LO,11.6N,37.0W,25,1008,11.1,-37.0,2011,Ophelia
697,698,20110923,0,LO,8.3N,17.5W,20,1010,8.05,-17.08,2011,Philippe
698,699,20111022,0,LO,12.7N,81.0W,25,1007,12.12,-81.0,2011,Rina
699,700,20111106,0,EX,28.5N,70.0W,45,1005,28.08,-70.0,2011,Sean
700,701,20120519,0,LO,33.1N,77.0W,25,1010,33.02,-77.0,2012,Alberto
701,702,20120525,1200,LO,30.1N,76.1W,30,1010,30.02,-76.02,2012,Beryl
702,703,20120617,0,LO,28.8N,68.8W,20,1009,28.13,-68.13,2012,Chris
703,704,20120623,1200,TS,25.5N,87.6W,35,1002,25.08,-87.1,2012,Debby
704,705,20120801,1200,TD,11.6N,46.7W,30,1008,11.1,-46.12,2012,Ernesto
705,706,20120803,600,LO,12.2N,23.1W,25,1011,12.03,-23.02,2012,Florence
706,707,20120809,1800,TD,13.7N,43.0W,30,1010,13.12,-43.0,2012,Helene
707,708,20120815,1200,TD,27.6N,54.6W,30,1013,27.1,-54.1,2012,Gordon
708,709,20120820,1200,LO,15.7N,44.8W,25,1010,15.12,-44.13,2012,Isaac
709,710,20120821,1800,LO,10.7N,31.7W,25,1011,10.12,-31.12,2012,Joyce
710,711,20120828,1800,TD,23.9N,43.4W,30,1007,23.15,-43.07,2012,Kirk
711,712,20120828,1200,LO,12.9N,27.4W,20,1010,12.15,-27.07,2012,Leslie
712,713,20120902,0,LO,28.9N,36.7W,20,1015,28.15,-36.12,2012,Michael
713,714,20120910,1200,TD,15.5N,38.0W,25,1008,15.08,-38.0,2012,Nadine
714,715,20121002,1200,LO,12.4N,38.0W,25,1008,12.07,-38.0,2012,Oscar
715,716,20121010,1800,LO,25.5N,72.5W,25,1012,25.08,-72.08,2012,Patty
716,717,20121012,1800,TS,14.7N,62.7W,35,1006,14.12,-62.12,2012,Rafael
717,718,20121021,1800,LO,14.3N,77.4W,25,1006,14.05,-77.07,2012,Sandy
718,719,20121021,1800,LO,20.1N,50.8W,25,1011,20.02,-50.13,2012,Tony
719,720,20130605,1800,TS,25.1N,86.6W,35,1006,25.02,-86.1,2013,Andrea
720,721,20130616,0,LO,12.4N,81.5W,20,1009,12.07,-81.08,2013,Barry
721,722,20130707,1200,TS,9.3N,41.4W,35,1011,9.05,-41.07,2013,Chantal
722,723,20130722,1800,LO,11.3N,20.0W,25,1009,11.05,-20.0,2013,Dorian
723,724,20130815,0,TD,13.9N,23.3W,30,1008,13.15,-23.05,2013,Erin
724,725,20130825,1200,TD,18.7N,94.2W,30,1006,18.12,-94.03,2013,Fernand
725,726,20130904,1800,TD,16.2N,65.9W,30,1010,16.03,-65.15,2013,Gabrielle
726,727,20130906,1200,TD,22.4N,97.4W,30,1009,22.07,-97.07,2013,Eight
727,728,20130908,0,LO,13.0N,17.6W,25,1009,13.0,-17.1,2013,Humberto
728,729,20130912,600,LO,19.3N,92.2W,25,1006,19.05,-92.03,2013,Ingrid
729,730,20130928,0,LO,21.1N,50.0W,30,1012,21.02,-50.0,2013,Jerry
730,731,20131003,600,TS,21.5N,86.8W,45,1006,21.08,-86.13,2013,Karen
731,732,20131021,600,TD,27.6N,55.9W,30,1012,27.1,-55.15,2013,Lorenzo
732,733,20131117,0,EX,23.9N,52.4W,35,1006,23.15,-52.07,2013,Melissa
733,734,20131203,1800,EX,34.3N,27.7W,50,1002,34.05,-27.12,2013,Unnamed
734,735,20140628,1800,LO,32.0N,78.2W,20,1017,32.0,-78.03,2014,Arthur
735,736,20140719,1200,LO,9.0N,29.0W,20,1012,9.0,-29.0,2014,Two
736,737,20140729,600,LO,9.6N,37.1W,25,1013,9.1,-37.02,2014,Bertha
737,738,20140823,1800,TD,21.5N,72.2W,30,1005,21.08,-72.03,2014,Cristobal
738,739,20140901,1200,LO,19.2N,92.3W,25,1009,19.03,-92.05,2014,Dolly
739,740,20140910,1800,LO,13.7N,33.2W,25,1009,13.12,-33.03,2014,Edouard
740,741,20141010,0,LO,22.0N,61.2W,35,1007,22.0,-61.03,2014,Fay
741,742,20141011,1800,LO,16.4N,54.9W,25,1010,16.07,-54.15,2014,Gonzalo
742,743,20141021,0,LO,19.5N,95.3W,25,1002,19.08,-95.05,2014,Hanna
743,744,20150506,600,LO,26.8N,79.2W,25,1016,26.13,-79.03,2015,Ana
744,745,20150616,0,TS,27.0N,94.3W,45,1005,27.0,-94.05,2015,Bill
745,746,20150712,0,LO,35.4N,75.4W,25,1010,35.07,-75.07,2015,Claudette
746,747,20150817,0,LO,9.6N,29.3W,25,1011,9.1,-29.05,2015,Danny
747,748,20150824,1800,TS,14.3N,45.1W,40,1003,14.05,-45.02,2015,Erika
748,749,20150830,0,TD,11.6N,17.5W,30,1007,11.1,-17.08,2015,Fred
749,750,20150905,600,TD,12.0N,23.1W,25,1010,12.0,-23.02,2015,Grace
750,751,20150908,600,LO,31.1N,62.2W,20,1014,31.02,-62.03,2015,Henri
751,752,20150915,0,LO,11.5N,40.3W,20,1011,11.08,-40.05,2015,Nine
752,753,20150915,1200,LO,9.4N,24.2W,25,1010,9.07,-24.03,2015,Ida
753,754,20150926,1800,LO,26.8N,68.7W,20,1011,26.13,-68.12,2015,Joaquin
754,755,20151108,1800,TD,22.2N,71.5W,30,1010,22.03,-71.08,2015,Kate
755,756,20160107,0,EX,26.6N,75.3W,40,1010,26.1,-75.05,2016,Alex
756,757,20160527,600,LO,27.2N,72.1W,30,1010,27.03,-72.02,2016,Bonnie
757,758,20160605,1200,TD,21.6N,88.0W,30,1005,21.1,-88.0,2016,Colin
758,759,20160618,1800,LO,19.4N,91.6W,25,1010,19.07,-91.1,2016,Danielle
759,760,20160802,600,TS,16.3N,77.5W,40,1004,16.05,-77.08,2016,Earl
760,761,20160816,1800,TD,12.0N,32.2W,25,1009,12.0,-32.03,2016,Fiona
761,762,20160821,1200,LO,11.0N,19.4W,20,1009,11.0,-19.07,2016,Gaston
762,763,20160827,0,LO,30.7N,65.0W,20,1012,30.12,-65.0,2016,Eight
763,764,20160828,1800,TD,23.8N,81.4W,30,1009,23.13,-81.07,2016,Hermine
764,765,20160912,0,LO,20.0N,48.5W,35,1007,20.0,-48.08,2016,Ian
765,766,20160913,600,TD,27.3N,80.2W,30,1010,27.05,-80.03,2016,Julia
766,767,20160912,1800,LO,13.1N,19.0W,20,1010,13.02,-19.0,2016,Karl
767,768,20160919,600,LO,13.2N,26.7W,25,1008,13.03,-26.12,2016,Lisa
768,769,20160928,1200,TS,13.4N,59.8W,50,1009,13.07,-59.13,2016,Matthew
769,770,20161004,600,TS,23.2N,59.8W,35,1007,23.03,-59.13,2016,Nicole
770,771,20161117,1800,LO,12.5N,80.7W,20,1006,12.08,-80.12,2016,Otto
771,772,20170416,600,EX,35.8N,50.3W,55,992,35.13,-50.05,2017,Arlene
772,773,20170618,1800,DB,7.5N,49.6W,30,1008,7.08,-49.1,2017,Bret
773,774,20170619,1800,DB,23.6N,88.6W,35,1003,23.1,-88.1,2017,Cindy
774,775,20170705,1200,LO,11.8N,35.9W,20,1010,11.13,-35.15,2017,Four
775,776,20170717,0,LO,10.3N,47.7W,25,1011,10.05,-47.12,2017,Don
776,777,20170730,1800,TD,28.4N,85.4W,30,1009,28.07,-85.07,2017,Emily
777,778,20170806,1800,LO,15.5N,81.5W,30,1008,15.08,-81.08,2017,Franklin
778,779,20170812,0,LO,22.4N,66.8W,25,1013,22.07,-66.13,2017,Gert
779,780,20170816,600,LO,13.7N,45.8W,25,1013,13.12,-45.13,2017,Harvey
780,781,20170830,0,TD,16.1N,26.9W,30,1008,16.02,-26.15,2017,Irma
781,782,20170904,600,LO,9.3N,33.5W,20,1010,9.05,-33.08,2017,Jose
782,783,20170905,1200,TD,22.2N,97.2W,25,1010,22.03,-97.03,2017,Katia
783,784,20170914,1800,TD,10.4N,23.1W,25,1011,10.07,-23.02,2017,Lee
784,785,20170916,1200,TD,12.2N,49.7W,30,1006,12.03,-49.12,2017,Maria
785,786,20171003,1200,LO,10.7N,80.8W,20,1008,10.12,-80.13,2017,Nate
786,787,20171006,1200,LO,31.8N,39.5W,20,1013,31.13,-39.08,2017,Ophelia
787,788,20171027,1800,DB,17.5N,84.2W,30,1006,17.08,-84.03,2017,Philippe
788,789,20171104,1200,LO,25.5N,52.3W,25,1013,25.08,-52.05,2017,Rina
789,790,20180525,1200,SD,18.8N,87.1W,30,1006,18.13,-87.02,2018,Alberto
790,791,20180704,1200,TD,10.0N,34.9W,30,1008,10.0,-34.15,2018,Beryl
791,792,20180705,600,LO,30.7N,68.5W,20,1021,30.12,-68.08,2018,Chris
792,793,20180802,1800,EX,41.2N,33.7W,30,1012,41.03,-33.12,2018,Debby
793,794,20180815,0,LO,36.9N,45.5W,30,1011,36.15,-45.08,2018,Ernesto
794,795,20180830,600,LO,12.8N,16.9W,20,1008,12.13,-16.15,2018,Florence
795,796,20180902,1800,DB,22.4N,77.0W,25,1012,22.07,-77.0,2018,Gordon
796,797,20180907,1200,TD,13.4N,16.8W,30,1004,13.07,-16.13,2018,Helene
797,798,20180907,1200,TD,13.5N,35.0W,30,1007,13.08,-35.0,2018,Isaac
798,799,20180912,0,EX,37.0N,39.8W,45,1012,37.0,-39.13,2018,Joyce
799,800,20180921,1800,TD,12.9N,52.5W,30,1008,12.15,-52.08,2018,Eleven
800,801,20180922,600,TD,7.7N,21.8W,30,1007,7.12,-21.13,2018,Kirk
801,802,20180922,0,EX,35.0N,45.0W,25,1008,35.0,-45.0,2018,Leslie
802,803,20181006,1800,LO,17.8N,86.6W,25,1006,17.13,-86.1,2018,Michael
803,804,20181008,1200,LO,9.3N,26.7W,25,1009,9.05,-26.12,2018,Nadine
804,805,20181026,1800,SS,25.4N,45.3W,35,1006,25.07,-45.05,2018,Oscar
805,806,20190520,1800,SS,28.1N,68.6W,35,1008,28.02,-68.1,2019,Andrea
806,807,20190710,1200,DB,28.5N,86.5W,25,1009,28.08,-86.08,2019,Barry
807,808,20190722,1200,TD,24.6N,77.4W,25,1013,24.1,-77.07,2019,Three
808,809,20190820,1800,TD,40.1N,59.7W,30,1008,40.02,-59.12,2019,Chantal
809,810,20190824,600,TD,10.3N,46.4W,25,1011,10.05,-46.07,2019,Dorian
810,811,20190826,1200,TD,31.7N,72.7W,30,1010,31.12,-72.12,2019,Erin
811,812,20190903,600,DB,23.6N,94.0W,30,1006,23.1,-94.0,2019,Fernand
812,813,20190903,0,LO,16.1N,30.1W,25,1007,16.02,-30.02,2019,Gabrielle
813,814,20190912,1200,LO,23.0N,74.2W,25,1010,23.0,-74.03,2019,Humberto
814,815,20190917,0,LO,12.6N,42.6W,25,1009,12.1,-42.1,2019,Jerry
815,816,20190917,1200,TD,28.3N,95.7W,30,1008,28.05,-95.12,2019,Imelda
816,817,20190922,0,TD,11.5N,58.8W,30,1007,11.08,-58.13,2019,Karen
817,818,20190922,1800,LO,10.9N,18.8W,25,1008,10.15,-18.13,2019,Lorenzo
818,819,20191008,1800,EX,35.0N,74.1W,40,1009,35.0,-74.02,2019,Melissa
819,820,20191014,1200,TD,12.6N,19.3W,30,1006,12.1,-19.05,2019,Fifteen
820,821,20191017,1200,DB,22.2N,95.7W,35,1007,22.03,-95.12,2019,Nestor
821,822,20191025,1200,TS,24.7N,94.8W,35,1004,24.12,-94.13,2019,Olga
822,823,20191023,1800,EX,40.0N,38.3W,40,1000,40.0,-38.05,2019,Pablo
823,824,20191027,0,EX,40.5N,51.5W,35,1004,40.08,-51.08,2019,Rebekah
824,825,20191119,600,TS,19.4N,58.1W,35,1006,19.07,-58.02,2019,Sebastien
