,name,year,max_wind,name_year,hurricane_id,date,time,status,latitude,longitude,air_pressure,latitude_decimal,longitude_decimal
3,Able,1950,110,Able_1950,1,19500812,0,TS,17.1N,55.5W,-999,17.02,-55.08
74,Baker,1950,90,Baker_1950,2,19500818,1200,TD,12.0N,54.0W,-999,12.0,-54.0
174,Charlie,1950,95,Charlie_1950,3,19500821,1200,TS,11.1N,26.4W,-999,11.02,-26.07
262,Dog,1950,125,Dog_1950,4,19500830,1800,HU,15.2N,55.6W,-999,15.03,-55.1
294,Easy,1950,105,Easy_1950,5,19500901,600,TS,19.7N,83.2W,-999,19.12,-83.03
405,Fox,1950,120,Fox_1950,6,19500908,600,TS,15.5N,41.0W,-999,15.08,-41.0
440,George,1950,95,George_1950,7,19500927,600,TS,24.6N,51.0W,-999,24.1,-51.0
530,How,1950,40,How_1950,8,19501001,600,TD,25.6N,88.4W,-999,25.1,-88.07
574,Item,1950,90,Item_1950,9,19501008,600,TS,23.3N,90.4W,-999,23.05,-90.07
593,Jig,1950,100,Jig_1950,10,19501011,1200,TS,22.4N,47.0W,-999,22.07,-47.0
641,King,1950,115,King_1950,11,19501013,600,TD,16.0N,84.2W,-999,16.0,-84.03
674,Love,1950,70,Love_1950,12,19501018,0,TS,25.5N,89.5W,-999,25.08,-89.08
694,Mike,1950,40,Mike_1950,13,19501025,1200,TD,24.7N,42.2W,-999,24.12,-42.03
4,Able,1951,80,Able_1951,14,19510516,0,TD,32.0N,68.0W,-999,32.0,-68.0
75,Baker,1951,50,Baker_1951,15,19510802,600,TD,20.9N,52.9W,-999,20.15,-52.15
175,Charlie,1951,115,Charlie_1951,16,19510812,0,TD,12.1N,44.1W,-999,12.02,-44.02
263,Dog,1951,80,Dog_1951,17,19510827,600,TD,12.3N,25.6W,-999,12.05,-25.1
295,Easy,1951,130,Easy_1951,18,19510901,600,TD,12.5N,32.0W,-999,12.08,-32.0
406,Fox,1951,100,Fox_1951,19,19510902,1800,TD,12.6N,20.3W,-999,12.1,-20.05
441,George,1951,50,George_1951,20,19510919,1800,TD,19.4N,93.2W,-999,19.07,-93.03
531,How,1951,85,How_1951,21,19510929,0,TD,20.2N,85.8W,-999,20.03,-85.13
575,Item,1951,55,Item_1951,22,19511012,600,TD,15.5N,80.2W,-999,15.08,-80.03
594,Jig,1951,65,Jig_1951,23,19511015,600,TS,27.7N,76.0W,-999,27.12,-76.0
5,Able,1952,85,Able_1952,24,19520818,600,TD,14.6N,19.0W,-999,14.1,-19.0
76,Baker,1952,95,Baker_1952,25,19520831,600,TS,15.4N,53.9W,-999,15.07,-53.15
176,Charlie,1952,105,Charlie_1952,26,19520924,0,TD,20.0N,69.2W,-999,20.0,-69.03
264,Dog,1952,60,Dog_1952,27,19520924,1200,TD,12.6N,48.7W,-999,12.1,-48.12
296,Easy,1952,90,Easy_1952,28,19521006,1200,TD,15.2N,51.0W,-999,15.03,-51.0
407,Fox,1952,125,Fox_1952,29,19521020,1200,TD,11.4N,77.7W,-999,11.07,-77.12
19,Alice,1953,60,Alice_1953,30,19530525,1800,TD,14.4N,81.8W,-999,14.07,-81.13
77,Barbara,1953,80,Barbara_1953,31,19530811,600,TD,22.8N,74.4W,-999,22.13,-74.07
150,Carol,1953,140,Carol_1953,32,19530828,600,TD,14.0N,20.5W,-999,14.0,-20.08
265,Dolly,1953,65,Dolly_1953,33,19530908,600,TD,18.3N,65.1W,-999,18.05,-65.02
302,Edna,1953,100,Edna_1953,34,19530915,0,TS,18.9N,64.0W,-999,18.15,-64.0
388,Florence,1953,100,Florence_1953,35,19530923,1200,TS,15.0N,78.0W,-999,15.0,-78.0
435,Gail,1953,70,Gail_1953,36,19531002,600,TS,13.1N,35.5W,-999,13.02,-35.08
501,Hazel,1953,75,Hazel_1953,37,19531007,600,TD,20.5N,86.4W,-999,20.08,-86.07
20,Alice,1954,95,Alice_1954,38,19540624,1200,TS,22.2N,93.7W,-999,22.03,-93.12
78,Barbara,1954,50,Barbara_1954,39,19540727,1200,TD,27.8N,90.1W,-999,27.13,-90.02
151,Carol,1954,100,Carol_1954,40,19540825,1200,TD,23.8N,75.0W,-999,23.13,-75.0
266,Dolly,1954,75,Dolly_1954,41,19540831,1200,TS,20.5N,68.6W,-999,20.08,-68.1
303,Edna,1954,110,Edna_1954,42,19540905,0,TD,19.8N,65.3W,-999,19.13,-65.05
389,Florence,1954,55,Florence_1954,43,19540910,1200,TD,22.5N,94.5W,-999,22.08,-94.08
455,Gilda,1954,60,Gilda_1954,44,19540924,1800,TS,14.1N,75.8W,-999,14.02,-75.13
502,Hazel,1954,115,Hazel_1954,45,19541005,600,TS,12.0N,58.5W,-999,12.0,-58.08
21,Alice,1955,80,Alice_1955,46,19550101,0,HU,20.1N,56.8W,-999,20.02,-56.13
132,Brenda,1955,60,Brenda_1955,47,19550731,600,TD,27.5N,87.5W,-999,27.08,-87.08
210,Connie,1955,120,Connie_1955,48,19550803,600,TD,15.3N,40.0W,-999,15.05,-40.0
261,Diane,1955,90,Diane_1955,49,19550807,600,TD,15.7N,41.2W,-999,15.12,-41.03
297,Edith,1955,85,Edith_1955,50,19550821,1200,TD,11.4N,42.0W,-999,11.07,-42.0
385,Flora,1955,90,Flora_1955,51,19550902,600,TS,19.0N,31.1W,-999,19.0,-31.02
460,Gladys,1955,65,Gladys_1955,52,19550903,1800,TD,19.5N,93.3W,-999,19.08,-93.05
550,Ione,1955,120,Ione_1955,53,19550910,600,TD,13.6N,41.4W,-999,13.1,-41.07
522,Hilda,1955,105,Hilda_1955,54,19550912,0,TS,19.2N,66.1W,-999,19.03,-66.02
579,Janet,1955,150,Janet_1955,55,19550921,1200,TS,13.2N,52.6W,-999,13.03,-52.1
634,Katie,1955,95,Katie_1955,56,19551014,1800,TD,12.5N,79.3W,-999,12.08,-79.05
50,Anna,1956,75,Anna_1956,57,19560725,1800,TD,20.8N,92.5W,-999,20.13,-92.08
109,Betsy,1956,105,Betsy_1956,58,19560809,600,TS,13.5N,47.2W,-999,13.08,-47.03
147,Carla,1956,60,Carla_1956,59,19560907,0,TD,24.8N,75.0W,-999,24.13,-75.0
276,Dora,1956,50,Dora_1956,60,19560910,600,TD,20.5N,91.1W,-999,20.08,-91.02
355,Ethel,1956,50,Ethel_1956,61,19560911,1800,TD,23.5N,75.7W,-999,23.08,-75.12
399,Flossy,1956,80,Flossy_1956,62,19560920,1800,TD,18.0N,86.5W,-999,18.0,-86.08
479,Greta,1956,85,Greta_1956,63,19561031,0,TD,20.0N,74.7W,-999,20.0,-74.12
72,Audrey,1957,110,Audrey_1957,64,19570624,1200,TD,21.0N,93.0W,-999,21.0,-93.0
92,Bertha,1957,55,Bertha_1957,65,19570808,0,TD,27.0N,87.4W,-999,27.0,-87.07
154,Carrie,1957,120,Carrie_1957,66,19570902,600,TD,13.0N,21.3W,-999,13.0,-21.05
237,Debbie,1957,35,Debbie_1957,67,19570907,600,TS,23.9N,89.8W,-999,23.15,-89.13
353,Esther,1957,55,Esther_1957,68,19570916,0,TD,20.8N,93.0W,-999,20.13,-93.0
427,Frieda,1957,75,Frieda_1957,69,19570920,1200,TD,31.7N,65.8W,-999,31.12,-65.13
28,Alma,1958,55,Alma_1958,70,19580614,600,TD,21.1N,94.5W,-999,21.02,-94.08
86,Becky,1958,60,Becky_1958,71,19580808,1200,TD,16.5N,20.5W,-999,16.08,-20.08
205,Cleo,1958,120,Cleo_1958,72,19580811,600,TD,12.0N,20.5W,-999,12.0,-20.08
215,Daisy,1958,115,Daisy_1958,73,19580823,1800,TD,25.0N,73.0W,-999,25.0,-73.0
319,Ella,1958,95,Ella_1958,74,19580830,600,TD,12.5N,58.0W,-999,12.08,-58.0
378,Fifi,1958,75,Fifi_1958,75,19580904,1200,TD,10.1N,44.8W,-999,10.02,-44.13
444,Gerda,1958,50,Gerda_1958,76,19580914,600,TS,17.4N,67.5W,-999,17.07,-67.08
506,Helene,1958,130,Helene_1958,77,19580921,600,TD,17.0N,52.0W,-999,17.0,-52.0
543,Ilsa,1958,95,Ilsa_1958,78,19580924,600,TS,17.5N,51.5W,-999,17.08,-51.08
580,Janice,1958,85,Janice_1958,79,19581004,1200,TD,18.5N,81.1W,-999,18.08,-81.02
55,Arlene,1959,55,Arlene_1959,80,19590528,600,TD,23.3N,86.5W,-999,23.05,-86.08
113,Beulah,1959,60,Beulah_1959,81,19590615,1800,TS,21.1N,94.7W,-999,21.02,-94.12
188,Cindy,1959,65,Cindy_1959,82,19590704,1200,TD,31.5N,79.0W,-999,31.08,-79.0
248,Debra,1959,75,Debra_1959,83,19590722,1800,TD,27.5N,91.2W,-999,27.08,-91.03
298,Edith,1959,50,Edith_1959,84,19590818,0,TS,14.3N,57.9W,1007,14.05,-57.15
386,Flora,1959,65,Flora_1959,85,19590909,600,TD,16.8N,45.8W,-999,16.13,-45.13
478,Gracie,1959,115,Gracie_1959,86,19590920,1200,TD,19.8N,68.3W,1009,19.13,-68.05
493,Hannah,1959,105,Hannah_1959,87,19590927,1200,TD,26.8N,49.9W,-999,26.13,-49.15
551,Irene,1959,40,Irene_1959,88,19591006,1800,TD,23.2N,92.5W,-999,23.03,-92.08
612,Judith,1959,75,Judith_1959,89,19591014,600,TD,14.0N,73.5W,-999,14.0,-73.08
0,Abby,1960,70,Abby_1960,90,19600709,1200,TS,12.0N,55.8W,-999,12.0,-55.13
133,Brenda,1960,60,Brenda_1960,91,19600727,1800,TD,27.7N,85.1W,-999,27.12,-85.02
206,Cleo,1960,75,Cleo_1960,92,19600817,1800,TD,26.0N,74.7W,-999,26.0,-74.12
275,Donna,1960,125,Donna_1960,93,19600829,1800,TD,10.2N,22.8W,-999,10.03,-22.13
356,Ethel,1960,100,Ethel_1960,94,19600912,1800,TD,22.0N,93.0W,-999,22.0,-93.0
390,Florence,1960,50,Florence_1960,95,19600917,600,TD,20.9N,64.0W,-999,20.15,-64.0
51,Anna,1961,90,Anna_1961,96,19610717,1800,TD,10.5N,46.0W,-999,10.08,-46.0
110,Betsy,1961,115,Betsy_1961,97,19610902,600,TS,13.3N,41.6W,-999,13.05,-41.1
148,Carla,1961,125,Carla_1961,98,19610903,1200,TD,12.5N,77.0W,-999,12.08,-77.0
238,Debbie,1961,80,Debbie_1961,99,19610905,1200,TD,13.5N,17.7W,-999,13.08,-17.12
354,Esther,1961,140,Esther_1961,100,19610910,1200,TD,11.2N,31.0W,-999,11.03,-31.0
413,Frances,1961,115,Frances_1961,101,19610930,600,TS,16.0N,58.0W,-999,16.0,-58.0
445,Gerda,1961,65,Gerda_1961,102,19611017,0,TD,19.7N,77.9W,1003,19.12,-77.15
500,Hattie,1961,145,Hattie_1961,103,19611026,0,TD,10.5N,79.0W,-999,10.08,-79.0
585,Jenny,1961,70,Jenny_1961,104,19611102,0,TD,22.5N,59.0W,-999,22.08,-59.0
546,Inga,1961,60,Inga_1961,105,19611104,0,TS,19.7N,94.3W,-999,19.12,-94.05
29,Alma,1962,75,Alma_1962,106,19620826,1200,TD,25.7N,79.7W,-999,25.12,-79.12
87,Becky,1962,50,Becky_1962,107,19620827,600,TS,16.0N,18.0W,-999,16.0,-18.0
156,Celia,1962,60,Celia_1962,108,19620912,0,TS,15.9N,45.9W,-999,15.15,-45.15
216,Daisy,1962,90,Daisy_1962,109,19620929,600,TD,14.5N,48.9W,-999,14.08,-48.15
320,Ella,1962,95,Ella_1962,110,19621014,600,TD,22.5N,73.0W,-999,22.08,-73.0
56,Arlene,1963,100,Arlene_1963,111,19630731,1800,TD,11.0N,39.4W,-999,11.0,-39.07
114,Beulah,1963,105,Beulah_1963,112,19630820,0,TD,11.2N,47.4W,-999,11.03,-47.07
189,Cindy,1963,55,Cindy_1963,113,19630916,1200,TS,26.7N,93.7W,-999,26.12,-93.12
249,Debra,1963,65,Debra_1963,114,19630919,600,TD,14.0N,38.3W,-999,14.0,-38.05
299,Edith,1963,85,Edith_1963,115,19630923,1200,TD,11.2N,51.5W,-999,11.03,-51.08
387,Flora,1963,130,Flora_1963,116,19630928,1200,TD,9.2N,46.3W,-999,9.03,-46.05
459,Ginny,1963,95,Ginny_1963,117,19631017,1800,TD,25.5N,72.0W,-999,25.08,-72.0
505,Helena,1963,45,Helena_1963,118,19631025,600,TD,14.8N,58.3W,-999,14.13,-58.05
1,Abby,1964,60,Abby_1964,119,19640805,1800,TD,27.3N,87.7W,-999,27.05,-87.12
134,Brenda,1964,45,Brenda_1964,120,19640808,600,TD,33.0N,67.0W,-999,33.0,-67.0
207,Cleo,1964,130,Cleo_1964,121,19640820,1800,TS,13.1N,44.3W,1003,13.02,-44.05
277,Dora,1964,115,Dora_1964,122,19640828,1200,TD,14.0N,17.0W,-999,14.0,-17.0
357,Ethel,1964,90,Ethel_1964,123,19640904,600,TD,17.7N,35.6W,-999,17.12,-35.1
391,Florence,1964,40,Florence_1964,124,19640905,600,TD,14.5N,18.0W,1004,14.08,-18.0
461,Gladys,1964,115,Gladys_1964,125,19640913,600,TS,14.7N,44.5W,-999,14.12,-44.08
523,Hilda,1964,120,Hilda_1964,126,19640928,1200,TD,21.2N,80.0W,-999,21.03,-80.0
569,Isbell,1964,100,Isbell_1964,127,19641009,600,TD,15.5N,83.0W,-999,15.08,-83.0
52,Anna,1965,90,Anna_1965,128,19650821,600,TS,32.4N,52.3W,-999,32.07,-52.05
111,Betsy,1965,120,Betsy_1965,129,19650827,0,TD,11.0N,50.5W,-999,11.0,-50.08
152,Carol,1965,80,Carol_1965,130,19650916,600,TD,13.3N,20.1W,-999,13.05,-20.02
239,Debbie,1965,50,Debbie_1965,131,19650924,1200,TD,17.3N,85.0W,-999,17.05,-85.0
315,Elena,1965,95,Elena_1965,132,19651012,1200,TD,16.5N,47.5W,-999,16.08,-47.08
30,Alma,1966,110,Alma_1966,133,19660604,600,TD,12.7N,84.0W,-999,12.12,-84.0
88,Becky,1966,65,Becky_1966,134,19660701,1800,TD,32.4N,57.8W,-999,32.07,-57.13
157,Celia,1966,70,Celia_1966,135,19660713,1200,TD,19.1N,59.5W,-999,19.02,-59.08
321,Ella,1966,45,Ella_1966,136,19660722,1200,TD,10.0N,35.0W,-999,10.0,-35.0
283,Dorothy,1966,75,Dorothy_1966,137,19660722,1800,TD,31.0N,41.0W,-999,31.0,-41.0
364,Faith,1966,110,Faith_1966,138,19660821,0,TD,12.9N,20.5W,-999,12.15,-20.08
480,Greta,1966,50,Greta_1966,139,19660901,1200,TD,13.7N,48.4W,-999,13.12,-48.07
488,Hallie,1966,45,Hallie_1966,140,19660920,1200,TD,21.5N,95.4W,-999,21.08,-95.07
545,Inez,1966,130,Inez_1966,141,19660921,1200,TD,9.9N,35.1W,-999,9.15,-35.02
613,Judith,1966,45,Judith_1966,142,19660927,0,TD,10.8N,43.2W,-999,10.13,-43.03
669,Lois,1966,70,Lois_1966,143,19661104,1200,TD,26.5N,50.0W,-999,26.08,-50.0
57,Arlene,1967,75,Arlene_1967,144,19670828,1800,TD,15.8N,35.8W,-999,15.13,-35.13
178,Chloe,1967,95,Chloe_1967,145,19670905,0,TD,15.4N,20.3W,-999,15.07,-20.05
115,Beulah,1967,140,Beulah_1967,146,19670905,1200,TD,14.0N,57.0W,-999,14.0,-57.0
278,Doria,1967,75,Doria_1967,147,19670908,0,TD,28.5N,77.5W,1010,28.08,-77.08
300,Edith,1967,50,Edith_1967,148,19670926,1200,TD,12.5N,47.0W,-999,12.08,-47.0
374,Fern,1967,75,Fern_1967,149,19671001,1800,TD,20.3N,93.0W,1005,20.05,-93.0
457,Ginger,1967,45,Ginger_1967,150,19671005,1200,TD,17.0N,18.3W,-999,17.0,-18.05
503,Heidi,1967,80,Heidi_1967,151,19671019,1200,TD,20.5N,54.0W,-999,20.08,-54.0
2,Abby,1968,65,Abby_1968,152,19680601,600,TD,17.2N,85.5W,-999,17.03,-85.08
135,Brenda,1968,65,Brenda_1968,153,19680617,1200,TD,24.0N,80.5W,-999,24.0,-80.08
146,Candy,1968,60,Candy_1968,154,19680622,1800,TD,20.0N,96.0W,-999,20.0,-96.0
267,Dolly,1968,70,Dolly_1968,155,19680810,0,TD,25.0N,79.0W,1013,25.0,-79.0
304,Edna,1968,55,Edna_1968,156,19680911,1800,TD,12.7N,21.1W,-999,12.12,-21.02
414,Frances,1968,50,Frances_1968,157,19680923,1200,TD,26.0N,74.0W,-999,26.0,-74.0
462,Gladys,1968,75,Gladys_1968,158,19681013,1200,TD,14.0N,80.5W,-999,14.0,-80.08
53,Anna,1969,60,Anna_1969,159,19690725,600,TD,9.2N,27.0W,-999,9.03,-27.0
120,Blanche,1969,75,Blanche_1969,160,19690811,0,TD,28.1N,71.7W,-999,28.02,-71.12
240,Debbie,1969,105,Debbie_1969,161,19690814,1200,TD,13.0N,35.5W,-999,13.0,-35.08
144,Camille,1969,150,Camille_1969,162,19690814,0,TD,18.3N,79.7W,-999,18.05,-79.12
358,Eve,1969,50,Eve_1969,163,19690825,0,TD,29.5N,78.5W,-999,29.08,-78.08
412,Francelia,1969,100,Francelia_1969,164,19690829,0,TD,11.5N,62.0W,-999,11.08,-62.0
446,Gerda,1969,110,Gerda_1969,165,19690906,0,TD,24.5N,77.0W,1015,24.08,-77.0
524,Holly,1969,75,Holly_1969,166,19690914,1200,TD,11.9N,47.4W,-999,11.15,-47.07
547,Inga,1969,100,Inga_1969,167,19690920,1200,TD,16.0N,47.0W,-999,16.0,-47.0
586,Jenny,1969,40,Jenny_1969,168,19691001,1200,TD,19.0N,83.7W,-999,19.0,-83.12
617,Kara,1969,90,Kara_1969,169,19691007,1200,TD,20.5N,68.0W,-999,20.08,-68.0
653,Laurie,1969,90,Laurie_1969,170,19691017,0,TD,17.3N,85.1W,1007,17.05,-85.02
683,Martha,1969,80,Martha_1969,171,19691121,1200,TS,10.3N,81.0W,-999,10.05,-81.0
31,Alma,1970,70,Alma_1970,172,19700517,1800,TD,11.5N,79.0W,-999,11.08,-79.0
89,Becky,1970,55,Becky_1970,173,19700719,0,TD,18.5N,83.5W,-999,18.08,-83.08
158,Celia,1970,110,Celia_1970,174,19700731,0,TD,18.5N,82.5W,1008,18.08,-82.08
284,Dorothy,1970,60,Dorothy_1970,175,19700817,1200,TD,11.0N,41.0W,-999,11.0,-41.0
322,Ella,1970,110,Ella_1970,176,19700908,1200,TD,15.3N,83.5W,-999,15.05,-83.08
369,Felice,1970,60,Felice_1970,177,19700912,0,TD,25.5N,77.5W,-999,25.08,-77.08
481,Greta,1970,45,Greta_1970,178,19700926,1200,TS,22.4N,75.4W,1010,22.07,-75.07
58,Arlene,1971,55,Arlene_1971,179,19710704,1200,TD,33.5N,75.5W,-999,33.08,-75.08
108,Beth,1971,75,Beth_1971,180,19710810,1200,TD,26.7N,79.9W,-999,26.12,-79.15
179,Chloe,1971,55,Chloe_1971,181,19710818,1200,TD,13.0N,52.5W,1007,13.0,-52.08
279,Doria,1971,55,Doria_1971,182,19710820,1200,TD,11.5N,47.0W,-999,11.08,-47.0
375,Fern,1971,80,Fern_1971,183,19710903,1200,TD,27.5N,87.5W,-999,27.08,-87.08
301,Edith,1971,140,Edith_1971,184,19710905,1800,TD,11.4N,58.0W,1010,11.07,-58.0
458,Ginger,1971,95,Ginger_1971,185,19710906,0,TD,25.5N,71.5W,-999,25.08,-71.08
504,Heidi,1971,55,Heidi_1971,186,19710911,0,TD,27.1N,72.0W,-999,27.02,-72.0
552,Irene,1971,70,Irene_1971,187,19710911,1800,TD,11.0N,48.5W,1009,11.0,-48.08
581,Janice,1971,55,Janice_1971,188,19710921,600,TD,11.5N,38.8W,-999,11.08,-38.13
646,Kristy,1971,45,Kristy_1971,189,19711018,0,TD,25.0N,58.5W,-999,25.0,-58.08
651,Laura,1971,60,Laura_1971,190,19711112,1200,TD,12.0N,78.5W,-999,12.0,-78.08
33,Alpha,1972,60,Alpha_1972,191,19720523,1800,SD,31.2N,78.2W,1004,31.03,-78.03
6,Agnes,1972,75,Agnes_1972,192,19720614,1200,TD,20.0N,89.0W,-999,20.0,-89.0
112,Betty,1972,90,Betty_1972,193,19720822,1200,SD,36.5N,64.0W,-999,36.08,-64.0
155,Carrie,1972,60,Carrie_1972,194,19720829,1200,TD,29.0N,78.5W,1012,29.0,-78.08
231,Dawn,1972,70,Dawn_1972,195,19720905,0,TD,23.8N,79.4W,-999,23.13,-79.07
177,Charlie,1972,60,Charlie_1972,196,19720919,1200,SD,37.5N,59.5W,-999,37.08,-59.08
252,Delta,1972,40,Delta_1972,197,19721101,1800,SD,35.0N,47.5W,1013,35.0,-47.08
22,Alice,1973,80,Alice_1973,198,19730701,1800,TD,26.0N,67.8W,1006,26.0,-67.13
18,Alfa,1973,40,Alfa_1973,199,19730730,1200,SD,32.6N,74.1W,1013,32.1,-74.02
136,Brenda,1973,80,Brenda_1973,200,19730818,600,TD,20.5N,83.7W,-999,20.08,-83.12
187,Christine,1973,60,Christine_1973,201,19730825,1200,TD,11.0N,14.0W,-999,11.0,-14.0
251,Delia,1973,60,Delia_1973,202,19730901,1800,TD,20.5N,86.5W,1008,20.08,-86.08
324,Ellen,1973,100,Ellen_1973,203,19730914,1200,TD,10.5N,22.4W,-999,10.08,-22.07
408,Fran,1973,70,Fran_1973,204,19731008,1800,SD,30.0N,65.8W,1008,30.0,-65.13
456,Gilda,1973,60,Gilda_1973,205,19731016,600,TD,16.3N,82.0W,1008,16.05,-82.0
32,Alma,1974,55,Alma_1974,206,19740812,1200,TD,10.5N,43.0W,1010,10.08,-43.0
90,Becky,1974,100,Becky_1974,207,19740826,1200,TD,27.0N,69.0W,-999,27.0,-69.0
149,Carmen,1974,130,Carmen_1974,208,19740829,600,TD,16.8N,55.8W,1011,16.13,-55.13
268,Dolly,1974,45,Dolly_1974,209,19740902,1800,TD,27.2N,67.9W,-999,27.03,-67.15
314,Elaine,1974,60,Elaine_1974,210,19740904,1800,TD,14.7N,50.5W,-999,14.12,-50.08
379,Fifi,1974,95,Fifi_1974,211,19740914,1200,TD,15.3N,65.0W,-999,15.05,-65.0
453,Gertrude,1974,65,Gertrude_1974,212,19740927,1200,TD,10.7N,45.1W,-999,10.12,-45.02
36,Amy,1975,60,Amy_1975,213,19750627,0,TD,27.5N,79.0W,1013,27.08,-79.0
121,Blanche,1975,75,Blanche_1975,214,19750724,0,TD,26.0N,68.4W,1014,26.0,-68.07
153,Caroline,1975,100,Caroline_1975,215,19750824,1200,TD,22.4N,69.8W,1011,22.07,-69.13
282,Doris,1975,95,Doris_1975,216,19750828,1200,SS,33.3N,46.3W,1005,33.05,-46.05
325,Eloise,1975,110,Eloise_1975,217,19750913,600,TD,17.5N,54.1W,-999,17.08,-54.02
368,Faye,1975,90,Faye_1975,218,19750918,600,TD,17.5N,33.5W,-999,17.08,-33.08
463,Gladys,1975,120,Gladys_1975,219,19750922,1800,TD,10.3N,34.8W,1012,10.05,-34.13
489,Hallie,1975,45,Hallie_1975,220,19751024,1800,SD,29.1N,79.3W,1006,29.02,-79.05
54,Anna,1976,45,Anna_1976,221,19760728,1800,SD,28.0N,52.3W,1015,28.0,-52.05
91,Belle,1976,105,Belle_1976,222,19760806,600,TD,26.0N,72.8W,1012,26.0,-72.13
286,Dottie,1976,45,Dottie_1976,223,19760818,0,TD,26.0N,84.0W,1010,26.0,-84.0
145,Candice,1976,80,Candice_1976,224,19760818,1200,TD,31.7N,68.2W,1007,31.12,-68.03
333,Emmy,1976,90,Emmy_1976,225,19760820,1200,TD,14.0N,48.0W,1012,14.0,-48.0
415,Frances,1976,100,Frances_1976,226,19760827,1200,TD,12.5N,37.5W,1009,12.08,-37.08
464,Gloria,1976,90,Gloria_1976,227,19760926,1200,TD,23.0N,58.0W,1009,23.0,-58.0
525,Holly,1976,65,Holly_1976,228,19761022,1800,TD,19.1N,55.8W,1006,19.02,-55.13
49,Anita,1977,150,Anita_1977,229,19770829,1200,TD,26.9N,88.4W,1012,26.15,-88.07
73,Babe,1977,65,Babe_1977,230,19770903,600,SD,26.8N,86.3W,1007,26.13,-86.05
197,Clara,1977,65,Clara_1977,231,19770905,1200,TD,32.8N,80.0W,1015,32.13,-80.0
285,Dorothy,1977,75,Dorothy_1977,232,19770926,1800,TD,28.5N,71.5W,1010,28.08,-71.08
359,Evelyn,1977,70,Evelyn_1977,233,19771013,1800,TD,26.9N,62.9W,1010,26.15,-62.15
428,Frieda,1977,50,Frieda_1977,234,19771016,1800,TD,17.3N,83.2W,1011,17.05,-83.03
35,Amelia,1978,45,Amelia_1978,235,19780730,1800,TD,25.7N,97.0W,1006,25.12,-97.0
106,Bess,1978,45,Bess_1978,236,19780805,1200,TD,25.3N,90.4W,1012,25.05,-90.07
211,Cora,1978,80,Cora_1978,237,19780807,1200,TD,13.0N,35.0W,1010,13.0,-35.0
250,Debra,1978,50,Debra_1978,238,19780826,1200,TD,23.4N,88.4W,1010,23.07,-88.07
323,Ella,1978,120,Ella_1978,239,19780830,0,TD,26.2N,59.7W,1012,26.03,-59.12
398,Flossie,1978,85,Flossie_1978,240,19780904,0,TD,12.0N,39.0W,1006,12.0,-39.0
526,Hope,1978,55,Hope_1978,241,19780912,0,SD,29.8N,80.0W,1012,29.13,-80.0
482,Greta,1978,115,Greta_1978,242,19780913,1800,TD,11.0N,62.5W,-999,11.0,-62.08
560,Irma,1978,45,Irma_1978,243,19781002,1200,SD,31.7N,31.5W,1010,31.12,-31.08
616,Juliet,1978,45,Juliet_1978,244,19781007,1800,TD,18.0N,55.6W,1011,18.0,-55.1
640,Kendra,1978,70,Kendra_1978,245,19781028,1800,TD,23.5N,72.7W,1008,23.08,-72.12
37,Ana,1979,50,Ana_1979,246,19790619,1200,TD,10.0N,45.0W,1011,10.0,-45.0
122,Bob,1979,65,Bob_1979,247,19790709,1200,TD,22.0N,96.0W,1012,22.0,-96.0
198,Claudette,1979,45,Claudette_1979,248,19790715,1200,TD,12.5N,46.3W,1014,12.08,-46.05
230,David,1979,150,David_1979,249,19790825,1200,TD,11.7N,36.1W,1008,11.12,-36.02
426,Frederic,1979,115,Frederic_1979,250,19790829,600,TD,11.0N,25.5W,1009,11.0,-25.08
316,Elena,1979,35,Elena_1979,251,19790830,0,TD,25.5N,89.1W,1008,25.08,-89.02
465,Gloria,1979,85,Gloria_1979,252,19790904,1200,TD,15.5N,21.0W,1005,15.08,-21.0
512,Henri,1979,75,Henri_1979,253,19790915,0,TD,20.3N,86.8W,1003,20.05,-86.13
24,Allen,1980,165,Allen_1980,254,19800731,1200,DB,11.0N,30.0W,-999,11.0,-30.0
125,Bonnie,1980,85,Bonnie_1980,255,19800814,0,TD,12.7N,35.5W,1010,12.12,-35.08
169,Charley,1980,70,Charley_1980,256,19800820,1200,SD,36.0N,73.0W,1010,36.0,-73.0
442,Georges,1980,70,Georges_1980,257,19800901,0,TD,15.6N,38.0W,1010,15.1,-38.0
287,Earl,1980,65,Earl_1980,258,19800904,1200,TD,17.7N,24.0W,1008,17.12,-24.0
217,Danielle,1980,50,Danielle_1980,259,19800904,1800,TD,28.3N,90.6W,1010,28.05,-90.1
416,Frances,1980,100,Frances_1980,260,19800906,0,TD,12.5N,19.0W,1010,12.08,-19.0
517,Hermine,1980,60,Hermine_1980,261,19800920,1200,TD,14.6N,77.2W,1008,14.1,-77.03
576,Ivan,1980,90,Ivan_1980,262,19801001,0,EX,33.6N,20.0W,1010,33.1,-20.0
582,Jeanne,1980,85,Jeanne_1980,263,19801107,1800,DB,13.6N,82.6W,1008,13.1,-82.1
624,Karl,1980,75,Karl_1980,264,19801125,0,SS,36.0N,46.0W,988,36.0,-46.0
59,Arlene,1981,50,Arlene_1981,265,19810506,1800,TD,18.4N,83.6W,1006,18.07,-83.1
137,Bret,1981,60,Bret_1981,266,19810629,1200,SS,36.0N,65.0W,1012,36.0,-65.0
190,Cindy,1981,50,Cindy_1981,267,19810802,1800,SD,36.1N,67.8W,1010,36.02,-67.13
254,Dennis,1981,70,Dennis_1981,268,19810807,600,TD,10.5N,25.7W,1009,10.08,-25.12
326,Emily,1981,80,Emily_1981,269,19810831,1200,SD,29.8N,72.7W,1008,29.13,-72.12
400,Floyd,1981,100,Floyd_1981,270,19810903,1200,TD,16.2N,60.3W,1010,16.03,-60.05
447,Gert,1981,90,Gert_1981,271,19810907,0,TD,14.8N,54.0W,1013,14.13,-54.0
494,Harvey,1981,115,Harvey_1981,272,19810911,1800,TD,14.0N,49.0W,1009,14.0,-49.0
553,Irene,1981,105,Irene_1981,273,19810921,1200,TD,13.5N,32.5W,1015,13.08,-32.08
597,Jose,1981,45,Jose_1981,274,19811029,1200,TD,25.0N,47.5W,1010,25.0,-47.08
635,Katrina,1981,75,Katrina_1981,275,19811103,0,TD,16.9N,81.2W,1005,16.15,-81.03
7,Alberto,1982,75,Alberto_1982,276,19820602,1200,TD,21.7N,87.1W,1005,21.12,-87.02
99,Beryl,1982,60,Beryl_1982,277,19820828,1200,TD,13.7N,22.2W,1008,13.12,-22.03
180,Chris,1982,55,Chris_1982,278,19820909,0,SD,26.2N,91.0W,1010,26.03,-91.0
241,Debby,1982,115,Debby_1982,279,19820913,1200,TD,19.8N,69.5W,1010,19.13,-69.08
346,Ernesto,1982,60,Ernesto_1982,280,19820930,1200,TD,24.8N,65.4W,1006,24.13,-65.07
23,Alicia,1983,100,Alicia_1983,281,19830815,1200,TD,27.3N,90.5W,1009,27.05,-90.08
79,Barry,1983,70,Barry_1983,282,19830823,1800,TD,26.0N,76.0W,1012,26.0,-76.0
162,Chantal,1983,65,Chantal_1983,283,19830910,1200,TD,30.2N,64.4W,1010,30.03,-64.07
232,Dean,1983,55,Dean_1983,284,19830926,1800,SS,28.0N,73.0W,1010,28.0,-73.0
66,Arthur,1984,45,Arthur_1984,285,19840828,1800,TD,10.5N,51.0W,1010,10.08,-51.0
93,Bertha,1984,35,Bertha_1984,286,19840830,1200,TD,13.1N,41.0W,1009,13.02,-41.0
159,Cesar,1984,50,Cesar_1984,287,19840831,0,SD,36.6N,66.9W,1008,36.1,-66.15
259,Diana,1984,115,Diana_1984,288,19840908,1200,TS,28.5N,77.4W,1008,28.08,-77.07
305,Edouard,1984,55,Edouard_1984,289,19840914,0,TD,20.3N,96.1W,1000,20.05,-96.02
409,Fran,1984,55,Fran_1984,290,19840915,1200,TD,13.7N,21.3W,1010,13.12,-21.05
483,Gustav,1984,45,Gustav_1984,291,19840916,1800,TD,28.6N,65.5W,1009,28.1,-65.08
527,Hortense,1984,65,Hortense_1984,292,19840923,0,SD,31.3N,58.3W,1009,31.05,-58.05
570,Isidore,1984,50,Isidore_1984,293,19840925,1200,TD,23.4N,73.0W,1003,23.07,-73.0
602,Josephine,1984,90,Josephine_1984,294,19841007,600,SD,24.1N,68.9W,1010,24.02,-68.15
644,Klaus,1984,80,Klaus_1984,295,19841105,1800,TD,14.7N,68.8W,1004,14.12,-68.13
661,Lili,1984,70,Lili_1984,296,19841212,1200,SS,34.5N,60.5W,995,34.08,-60.08
38,Ana,1985,60,Ana_1985,297,19850715,1800,TD,29.4N,64.2W,1011,29.07,-64.03
123,Bob,1985,65,Bob_1985,298,19850721,600,TD,26.0N,85.0W,1012,26.0,-85.0
199,Claudette,1985,75,Claudette_1985,299,19850809,1800,SD,31.5N,80.5W,1013,31.08,-80.08
224,Danny,1985,80,Danny_1985,300,19850812,0,TD,18.5N,80.7W,1010,18.08,-80.12
317,Elena,1985,110,Elena_1985,301,19850828,0,TD,19.8N,74.0W,1012,19.13,-74.0
360,Fabian,1985,55,Fabian_1985,302,19850915,1800,TD,23.6N,70.8W,1008,23.1,-70.13
466,Gloria,1985,125,Gloria_1985,303,19850916,1200,TD,13.3N,23.6W,1009,13.05,-23.1
513,Henri,1985,50,Henri_1985,304,19850921,1800,TD,29.6N,74.3W,1008,29.1,-74.05
567,Isabel,1985,60,Isabel_1985,305,19851007,0,TD,17.8N,69.2W,1006,17.13,-69.03
610,Juan,1985,75,Juan_1985,306,19851026,0,TD,24.5N,90.5W,1005,24.08,-90.08
629,Kate,1985,105,Kate_1985,307,19851115,1800,TS,21.1N,63.8W,999,21.02,-63.13
47,Andrew,1986,45,Andrew_1986,308,19860605,0,SD,26.2N,75.8W,1007,26.03,-75.13
126,Bonnie,1986,75,Bonnie_1986,309,19860623,1800,TD,25.6N,87.2W,1014,25.1,-87.03
170,Charley,1986,70,Charley_1986,310,19860813,1200,SD,30.1N,84.0W,1009,30.02,-84.0
218,Danielle,1986,50,Danielle_1986,311,19860907,600,TD,10.5N,52.0W,1008,10.08,-52.0
288,Earl,1986,90,Earl_1986,312,19860910,1800,TD,21.8N,50.8W,1010,21.13,-50.13
417,Frances,1986,75,Frances_1986,313,19861118,1800,TD,22.8N,62.8W,1009,22.13,-62.13
60,Arlene,1987,65,Arlene_1987,314,19870808,0,LO,34.3N,77.5W,1016,34.05,-77.08
138,Bret,1987,45,Bret_1987,315,19870818,0,TD,14.8N,20.0W,1011,14.13,-20.0
191,Cindy,1987,45,Cindy_1987,316,19870905,1200,TD,15.2N,31.3W,1011,15.03,-31.05
255,Dennis,1987,45,Dennis_1987,317,19870908,1800,TD,10.8N,18.4W,1012,10.13,-18.07
327,Emily,1987,110,Emily_1987,318,19870920,0,TD,9.8N,51.3W,1008,9.13,-51.05
401,Floyd,1987,65,Floyd_1987,319,19871009,600,TD,15.0N,82.6W,1004,15.0,-82.1
8,Alberto,1988,35,Alberto_1988,320,19880805,1800,TD,32.0N,77.5W,1015,32.0,-77.08
100,Beryl,1988,45,Beryl_1988,321,19880808,0,TD,30.4N,90.3W,1010,30.07,-90.05
181,Chris,1988,45,Chris_1988,322,19880821,1200,TD,14.9N,43.3W,1009,14.15,-43.05
242,Debby,1988,65,Debby_1988,323,19880831,1800,TD,20.1N,91.0W,1006,20.02,-91.0
347,Ernesto,1988,55,Ernesto_1988,324,19880903,0,TD,32.5N,60.5W,1016,32.08,-60.08
392,Florence,1988,70,Florence_1988,325,19880907,600,TD,22.8N,92.0W,1000,22.13,-92.0
454,Gilbert,1988,160,Gilbert_1988,326,19880908,1800,TD,12.0N,54.0W,1008,12.0,-54.0
507,Helene,1988,125,Helene_1988,327,19880919,1800,TD,13.4N,31.6W,1009,13.07,-31.1
562,Isaac,1988,40,Isaac_1988,328,19880928,1800,TD,9.0N,45.5W,1009,9.0,-45.08
595,Joan,1988,125,Joan_1988,329,19881010,1800,TD,8.9N,42.2W,1010,8.15,-42.03
638,Keith,1988,65,Keith_1988,330,19881117,1800,TD,14.9N,74.3W,1008,14.15,-74.05
25,Allison,1989,45,Allison_1989,331,19890624,1800,TD,27.0N,96.0W,1008,27.0,-96.0
80,Barry,1989,45,Barry_1989,332,19890709,1800,TD,12.8N,37.8W,1015,12.13,-37.13
163,Chantal,1989,70,Chantal_1989,333,19890730,1200,TD,22.5N,90.0W,1011,22.08,-90.0
233,Dean,1989,90,Dean_1989,334,19890731,600,TD,14.8N,41.8W,1010,14.13,-41.13
340,Erin,1989,90,Erin_1989,335,19890818,0,TD,14.3N,22.4W,1012,14.05,-22.07
370,Felix,1989,75,Felix_1989,336,19890826,0,TD,16.8N,21.0W,1009,16.13,-21.0
429,Gabrielle,1989,125,Gabrielle_1989,337,19890830,1200,TD,11.6N,21.0W,1011,11.1,-21.0
532,Hugo,1989,140,Hugo_1989,338,19890910,1200,TD,13.2N,20.0W,1010,13.03,-20.0
557,Iris,1989,60,Iris_1989,339,19890916,1800,TD,11.3N,44.0W,1017,11.05,-44.0
587,Jerry,1989,75,Jerry_1989,340,19891012,1200,TD,19.4N,92.4W,1009,19.07,-92.07
618,Karen,1989,50,Karen_1989,341,19891128,1200,TD,17.1N,84.0W,1005,17.02,-84.0
67,Arthur,1990,60,Arthur_1990,342,19900722,600,TD,8.8N,41.9W,1010,8.13,-41.15
94,Bertha,1990,70,Bertha_1990,343,19900724,1200,SD,34.0N,75.0W,1012,34.0,-75.0
160,Cesar,1990,45,Cesar_1990,344,19900731,0,TD,10.1N,22.2W,1014,10.02,-22.03
306,Edouard,1990,40,Edouard_1990,345,19900802,1800,SD,38.0N,23.0W,1015,38.0,-23.0
260,Diana,1990,85,Diana_1990,346,19900804,0,TD,13.2N,79.5W,1009,13.03,-79.08
410,Fran,1990,35,Fran_1990,347,19900811,1200,TD,9.0N,32.1W,1010,9.0,-32.02
484,Gustav,1990,105,Gustav_1990,348,19900824,600,TD,12.6N,45.9W,1010,12.1,-45.15
528,Hortense,1990,55,Hortense_1990,349,19900825,0,TD,12.5N,35.0W,1010,12.08,-35.0
571,Isidore,1990,85,Isidore_1990,350,19900904,0,TD,7.2N,23.4W,1010,7.03,-23.07
603,Josephine,1990,75,Josephine_1990,351,19900921,600,TD,14.0N,32.0W,1009,14.0,-32.0
645,Klaus,1990,70,Klaus_1990,352,19901003,1200,TD,15.6N,59.3W,1008,15.1,-59.05
662,Lili,1990,65,Lili_1990,353,19901006,600,SS,36.0N,44.0W,1000,36.0,-44.0
676,Marco,1990,55,Marco_1990,354,19901009,1200,TD,22.5N,79.5W,1004,22.08,-79.08
700,Nana,1990,75,Nana_1990,355,19901016,0,TD,22.2N,60.4W,1009,22.03,-60.07
39,Ana,1991,45,Ana_1991,356,19910629,1200,LO,25.9N,78.0W,1012,25.15,-78.0
124,Bob,1991,100,Bob_1991,357,19910816,0,TD,25.6N,74.3W,1014,25.1,-74.05
200,Claudette,1991,115,Claudette_1991,358,19910904,1200,TD,26.7N,55.9W,1014,26.12,-55.15
225,Danny,1991,45,Danny_1991,359,19910907,0,TD,10.4N,25.8W,1010,10.07,-25.13
335,Erika,1991,50,Erika_1991,360,19910908,1800,TD,24.2N,49.1W,1011,24.03,-49.02
361,Fabian,1991,40,Fabian_1991,361,19911015,0,TD,18.9N,85.7W,1010,18.15,-85.12
473,Grace,1991,90,Grace_1991,362,19911025,1800,SD,27.1N,64.9W,1008,27.02,-64.15
48,Andrew,1992,150,Andrew_1992,363,19920816,1800,TD,10.8N,35.5W,1010,10.13,-35.08
127,Bonnie,1992,95,Bonnie_1992,364,19920917,1800,TD,33.8N,59.0W,1009,33.13,-59.0
171,Charley,1992,95,Charley_1992,365,19920921,1800,TD,30.0N,33.0W,1012,30.0,-33.0
219,Danielle,1992,55,Danielle_1992,366,19920922,1200,TD,32.5N,74.6W,1009,32.08,-74.1
289,Earl,1992,55,Earl_1992,367,19920926,1800,TD,26.2N,69.1W,1009,26.03,-69.02
418,Frances,1992,75,Frances_1992,368,19921022,1200,EX,26.3N,60.8W,1009,26.05,-60.13
61,Arlene,1993,35,Arlene_1993,369,19930618,0,TD,20.5N,91.9W,1006,20.08,-91.15
139,Bret,1993,50,Bret_1993,370,19930804,1200,TD,10.4N,40.3W,1010,10.07,-40.05
192,Cindy,1993,40,Cindy_1993,371,19930814,1200,TD,14.1N,59.5W,1012,14.02,-59.08
328,Emily,1993,100,Emily_1993,372,19930822,1800,TD,19.9N,52.6W,1020,19.15,-52.1
256,Dennis,1993,45,Dennis_1993,373,19930823,1200,TD,13.6N,30.8W,1010,13.1,-30.13
402,Floyd,1993,70,Floyd_1993,374,19930907,1200,TD,24.7N,67.5W,1012,24.12,-67.08
448,Gert,1993,85,Gert_1993,375,19930914,1800,TD,10.6N,80.7W,1008,10.1,-80.12
495,Harvey,1993,65,Harvey_1993,376,19930918,1800,TD,26.7N,61.8W,1014,26.12,-61.13
9,Alberto,1994,55,Alberto_1994,377,19940630,600,TD,21.7N,83.6W,1011,21.12,-83.1
101,Beryl,1994,50,Beryl_1994,378,19940814,1200,TD,28.7N,87.2W,1013,28.12,-87.03
182,Chris,1994,70,Chris_1994,379,19940816,1200,TD,11.3N,39.4W,1010,11.05,-39.07
243,Debby,1994,60,Debby_1994,380,19940909,1200,TD,13.1N,56.8W,1011,13.02,-56.13
348,Ernesto,1994,50,Ernesto_1994,381,19940921,1800,TD,10.1N,29.9W,1010,10.02,-29.15
393,Florence,1994,95,Florence_1994,382,19941102,0,SD,22.7N,47.0W,1011,22.12,-47.0
468,Gordon,1994,75,Gordon_1994,383,19941108,1200,TD,11.9N,82.3W,1009,11.15,-82.05
26,Allison,1995,65,Allison_1995,384,19950603,0,TD,17.4N,84.3W,1005,17.07,-84.05
81,Barry,1995,60,Barry_1995,385,19950705,600,TD,32.0N,72.0W,1019,32.0,-72.0
164,Chantal,1995,60,Chantal_1995,386,19950712,0,TD,17.1N,54.9W,1012,17.02,-54.15
234,Dean,1995,40,Dean_1995,387,19950728,1800,TD,26.2N,86.6W,1009,26.03,-86.1
341,Erin,1995,85,Erin_1995,388,19950731,0,TS,22.3N,73.2W,1004,22.05,-73.03
371,Felix,1995,120,Felix_1995,389,19950808,0,TD,14.3N,30.8W,1010,14.05,-30.13
430,Gabrielle,1995,60,Gabrielle_1995,390,19950809,1800,TD,23.7N,94.8W,1007,23.12,-94.13
533,Humberto,1995,95,Humberto_1995,391,19950822,0,TD,13.2N,33.0W,1009,13.03,-33.0
558,Iris,1995,95,Iris_1995,392,19950822,1200,TD,13.2N,49.3W,1008,13.03,-49.05
588,Jerry,1995,35,Jerry_1995,393,19950822,1800,TD,23.7N,78.7W,1010,23.12,-78.12
619,Karen,1995,45,Karen_1995,394,19950826,1200,TD,15.4N,32.7W,1009,15.07,-32.12
675,Luis,1995,130,Luis_1995,395,19950828,1800,TD,11.4N,27.5W,1008,11.07,-27.08
682,Marilyn,1995,100,Marilyn_1995,396,19950912,1800,TD,11.7N,50.9W,1006,11.12,-50.15
713,Noel,1995,65,Noel_1995,397,19950926,1800,TD,10.4N,37.7W,1007,10.07,-37.12
722,Opal,1995,130,Opal_1995,398,19950927,1800,TD,19.1N,87.3W,1004,19.02,-87.05
731,Pablo,1995,50,Pablo_1995,399,19951004,1800,TD,8.3N,31.4W,1009,8.05,-31.07
746,Roxanne,1995,100,Roxanne_1995,400,19951007,1800,TD,14.0N,82.1W,1005,14.0,-82.02
749,Sebastien,1995,55,Sebastien_1995,401,19951020,1200,TD,13.8N,53.8W,1006,13.13,-53.13
755,Tanya,1995,75,Tanya_1995,402,19951027,0,TD,24.6N,59.2W,1004,24.1,-59.03
68,Arthur,1996,45,Arthur_1996,403,19960617,1800,TD,26.8N,77.8W,1010,26.13,-77.13
95,Bertha,1996,100,Bertha_1996,404,19960705,0,TD,9.8N,34.0W,1009,9.13,-34.0
161,Cesar,1996,75,Cesar_1996,405,19960724,1800,TD,11.8N,62.6W,1009,11.13,-62.1
269,Dolly,1996,70,Dolly_1996,406,19960819,600,TD,17.3N,80.2W,1009,17.05,-80.03
307,Edouard,1996,125,Edouard_1996,407,19960819,1800,TD,12.4N,19.9W,1007,12.07,-19.15
411,Fran,1996,105,Fran_1996,408,19960823,1200,TD,14.0N,21.0W,1012,14.0,-21.0
485,Gustav,1996,40,Gustav_1996,409,19960826,0,TD,12.7N,23.0W,1008,12.12,-23.0
529,Hortense,1996,120,Hortense_1996,410,19960903,1200,TD,14.9N,41.0W,1006,14.15,-41.0
572,Isidore,1996,100,Isidore_1996,411,19960924,1200,TD,8.6N,23.3W,1008,8.1,-23.05
604,Josephine,1996,60,Josephine_1996,412,19961004,1800,TD,22.7N,96.2W,1003,22.12,-96.03
647,Kyle,1996,45,Kyle_1996,413,19961011,1200,TD,17.3N,86.5W,1006,17.05,-86.08
663,Lili,1996,100,Lili_1996,414,19961014,1200,TD,12.8N,80.4W,1006,12.13,-80.07
677,Marco,1996,65,Marco_1996,415,19961113,1200,LO,10.5N,77.5W,1009,10.08,-77.08
40,Ana,1997,40,Ana_1997,416,19970630,1200,TD,32.0N,77.2W,1013,32.0,-77.03
116,Bill,1997,65,Bill_1997,417,19970711,600,TD,30.4N,69.9W,1014,30.07,-69.15
201,Claudette,1997,40,Claudette_1997,418,19970713,0,EX,31.3N,73.6W,1012,31.05,-73.1
226,Danny,1997,70,Danny_1997,419,19970716,1200,TD,27.4N,92.6W,1013,27.07,-92.1
336,Erika,1997,110,Erika_1997,420,19970903,600,TD,10.9N,44.1W,1006,10.15,-44.02
362,Fabian,1997,40,Fabian_1997,421,19971004,1800,TD,24.2N,64.5W,1009,24.03,-64.08
474,Grace,1997,40,Grace_1997,422,19971014,1200,TD,20.0N,68.7W,1002,20.0,-68.12
14,Alex,1998,45,Alex_1998,423,19980727,1200,TD,11.3N,25.4W,1009,11.05,-25.07
128,Bonnie,1998,100,Bonnie_1998,424,19980819,1200,TD,14.7N,48.1W,1009,14.12,-48.02
172,Charley,1998,60,Charley_1998,425,19980821,600,TD,25.3N,92.3W,1008,25.05,-92.05
220,Danielle,1998,90,Danielle_1998,426,19980824,600,TD,13.4N,34.3W,1007,13.07,-34.05
290,Earl,1998,85,Earl_1998,427,19980831,1200,TD,21.6N,93.5W,1005,21.1,-93.08
419,Frances,1998,55,Frances_1998,428,19980908,1800,TD,25.5N,94.5W,1000,25.08,-94.08
443,Georges,1998,135,Georges_1998,429,19980915,1200,TD,9.7N,25.1W,1009,9.12,-25.02
518,Hermine,1998,40,Hermine_1998,430,19980917,1200,TD,26.9N,90.3W,1001,26.15,-90.05
577,Ivan,1998,80,Ivan_1998,431,19980919,0,TD,13.4N,26.6W,1010,13.07,-26.1
583,Jeanne,1998,90,Jeanne_1998,432,19980921,600,TD,9.6N,17.4W,1008,9.1,-17.07
625,Karl,1998,90,Karl_1998,433,19980923,1200,TD,33.3N,65.4W,1003,33.05,-65.07
665,Lisa,1998,65,Lisa_1998,434,19981005,0,TD,13.9N,46.4W,1008,13.15,-46.07
696,Mitch,1998,155,Mitch_1998,435,19981022,0,TD,11.6N,76.1W,1002,11.1,-76.02
707,Nicole,1998,75,Nicole_1998,436,19981124,0,TD,28.3N,28.0W,1010,28.05,-28.0
62,Arlene,1999,50,Arlene_1999,437,19990611,1800,TD,27.1N,58.1W,1010,27.02,-58.02
140,Bret,1999,125,Bret_1999,438,19990818,1800,TD,19.5N,94.4W,1010,19.08,-94.07
193,Cindy,1999,120,Cindy_1999,439,19990819,0,TD,13.5N,18.9W,1003,13.08,-18.15
257,Dennis,1999,90,Dennis_1999,440,19990824,0,TD,21.5N,67.7W,1009,21.08,-67.12
329,Emily,1999,45,Emily_1999,441,19990824,600,TD,11.5N,53.6W,1007,11.08,-53.1
403,Floyd,1999,135,Floyd_1999,442,19990907,1800,TD,14.6N,45.6W,1008,14.1,-45.1
449,Gert,1999,130,Gert_1999,443,19990911,1200,TD,12.6N,24.2W,1006,12.1,-24.03
496,Harvey,1999,50,Harvey_1999,444,19990919,600,TD,25.0N,87.8W,1005,25.0,-87.13
554,Irene,1999,95,Irene_1999,445,19991012,1200,LO,15.9N,82.0W,1006,15.15,-82.0
598,Jose,1999,85,Jose_1999,446,19991017,1800,TD,9.8N,50.8W,1006,9.13,-50.13
636,Katrina,1999,35,Katrina_1999,447,19991028,1800,TD,11.4N,80.9W,1001,11.07,-80.15
657,Lenny,1999,135,Lenny_1999,448,19991113,1800,TD,16.7N,81.6W,1003,16.12,-81.1
10,Alberto,2000,110,Alberto_2000,449,20000803,1800,TD,10.8N,18.0W,1007,10.13,-18.0
102,Beryl,2000,45,Beryl_2000,450,20000813,1800,TD,22.5N,93.5W,1008,22.08,-93.08
183,Chris,2000,35,Chris_2000,451,20000817,1200,TD,14.2N,51.9W,1009,14.03,-51.15
244,Debby,2000,75,Debby_2000,452,20000819,1800,TD,12.0N,44.5W,1010,12.0,-44.08
349,Ernesto,2000,35,Ernesto_2000,453,20000901,1200,TD,14.8N,45.2W,1009,14.13,-45.03
394,Florence,2000,70,Florence_2000,454,20000910,1800,SD,30.9N,70.9W,1007,30.15,-70.15
469,Gordon,2000,70,Gordon_2000,455,20000914,1200,TD,19.8N,87.3W,1008,19.13,-87.05
508,Helene,2000,60,Helene_2000,456,20000915,1200,TD,14.9N,52.2W,1010,14.15,-52.03
563,Isaac,2000,120,Isaac_2000,457,20000921,1200,TD,11.5N,23.0W,1008,11.08,-23.0
607,Joyce,2000,80,Joyce_2000,458,20000925,1200,TD,11.2N,29.6W,1009,11.03,-29.1
639,Keith,2000,120,Keith_2000,459,20000928,1800,TD,16.1N,82.9W,1005,16.02,-82.15
658,Leslie,2000,60,Leslie_2000,460,20001004,1200,SD,29.0N,81.4W,1012,29.0,-81.07
690,Michael,2000,85,Michael_2000,461,20001015,1200,SD,30.0N,71.2W,1007,30.0,-71.03
697,Nadine,2000,50,Nadine_2000,462,20001019,1200,TD,26.2N,59.9W,1009,26.03,-59.15
27,Allison,2001,50,Allison_2001,463,20010605,1200,TS,27.5N,95.0W,1007,27.08,-95.0
82,Barry,2001,60,Barry_2001,464,20010802,1200,TD,25.7N,84.8W,1011,25.12,-84.13
165,Chantal,2001,60,Chantal_2001,465,20010814,1800,TD,12.8N,37.0W,1010,12.13,-37.0
235,Dean,2001,60,Dean_2001,466,20010822,1200,TS,17.9N,64.3W,1010,17.15,-64.05
342,Erin,2001,105,Erin_2001,467,20010901,1800,TD,12.5N,34.3W,1006,12.08,-34.05
372,Felix,2001,100,Felix_2001,468,20010907,1800,TD,13.9N,28.4W,1008,13.15,-28.07
431,Gabrielle,2001,70,Gabrielle_2001,469,20010911,1800,TD,25.8N,84.1W,1010,25.13,-84.02
534,Humberto,2001,90,Humberto_2001,470,20010921,1200,TD,25.1N,64.2W,1012,25.02,-64.03
559,Iris,2001,125,Iris_2001,471,20011004,1200,TD,12.3N,58.2W,1011,12.05,-58.03
589,Jerry,2001,45,Jerry_2001,472,20011006,1200,TD,10.6N,50.6W,1008,10.1,-50.1
620,Karen,2001,70,Karen_2001,473,20011011,600,EX,27.5N,63.0W,1009,27.08,-63.0
670,Lorenzo,2001,35,Lorenzo_2001,474,20011027,1200,TD,27.2N,34.9W,1010,27.03,-34.15
693,Michelle,2001,120,Michelle_2001,475,20011029,1800,TD,13.3N,83.6W,1004,13.05,-83.1
714,Noel,2001,65,Noel_2001,476,20011104,0,SS,33.9N,50.4W,988,33.15,-50.07
717,Olga,2001,80,Olga_2001,477,20011123,600,EX,30.5N,51.0W,1003,30.08,-51.0
69,Arthur,2002,50,Arthur_2002,478,20020714,1800,TD,34.3N,76.8W,1009,34.05,-76.13
96,Bertha,2002,35,Bertha_2002,479,20020804,1800,TD,29.0N,88.5W,1012,29.0,-88.08
212,Cristobal,2002,45,Cristobal_2002,480,20020805,1800,TD,32.0N,77.2W,1008,32.0,-77.03
270,Dolly,2002,50,Dolly_2002,481,20020829,1200,TD,9.5N,31.2W,1007,9.08,-31.03
308,Edouard,2002,55,Edouard_2002,482,20020901,1800,TD,29.2N,78.8W,1013,29.03,-78.13
365,Fay,2002,50,Fay_2002,483,20020905,1800,TD,28.0N,93.8W,1009,28.0,-93.13
486,Gustav,2002,85,Gustav_2002,484,20020908,1200,SD,29.0N,71.0W,1009,29.0,-71.0
490,Hanna,2002,50,Hanna_2002,485,20020912,0,TD,26.3N,86.6W,1001,26.05,-86.1
573,Isidore,2002,110,Isidore_2002,486,20020914,1800,TD,10.0N,60.5W,1009,10.0,-60.08
605,Josephine,2002,50,Josephine_2002,487,20020917,1200,TD,32.7N,52.4W,1016,32.12,-52.07
648,Kyle,2002,75,Kyle_2002,488,20020920,1800,SD,28.3N,51.8W,1007,28.05,-51.13
664,Lili,2002,125,Lili_2002,489,20020921,1800,TD,10.2N,44.6W,1009,10.03,-44.1
41,Ana,2003,50,Ana_2003,490,20030418,0,EX,29.1N,66.2W,1008,29.02,-66.03
117,Bill,2003,50,Bill_2003,491,20030628,600,LO,19.5N,89.0W,1009,19.08,-89.0
202,Claudette,2003,80,Claudette_2003,492,20030707,0,WV,11.1N,53.5W,1010,11.02,-53.08
227,Danny,2003,65,Danny_2003,493,20030716,1200,TD,30.8N,54.1W,1017,30.13,-54.02
337,Erika,2003,65,Erika_2003,494,20030814,1800,TS,26.4N,83.3W,1011,26.07,-83.05
363,Fabian,2003,125,Fabian_2003,495,20030827,1800,TD,14.6N,30.7W,1009,14.1,-30.12
475,Grace,2003,35,Grace_2003,496,20030830,1200,TD,24.3N,92.4W,1008,24.05,-92.07
514,Henri,2003,50,Henri_2003,497,20030903,1800,TD,27.4N,87.7W,1013,27.07,-87.12
568,Isabel,2003,145,Isabel_2003,498,20030906,0,TD,13.8N,31.4W,1009,13.13,-31.07
611,Juan,2003,90,Juan_2003,499,20030924,1200,TD,28.2N,62.4W,1009,28.03,-62.07
630,Kate,2003,110,Kate_2003,500,20030925,1800,TD,11.8N,37.7W,1008,11.13,-37.12
650,Larry,2003,55,Larry_2003,501,20030927,1800,LO,18.5N,84.7W,1009,18.08,-84.12
695,Mindy,2003,40,Mindy_2003,502,20031010,1800,TS,19.1N,68.8W,1004,19.02,-68.13
706,Nicholas,2003,60,Nicholas_2003,503,20031013,0,TD,9.5N,37.0W,1009,9.08,-37.0
716,Odette,2003,55,Odette_2003,504,20031204,1200,TD,12.9N,76.2W,1005,12.15,-76.03
736,Peter,2003,60,Peter_2003,505,20031207,1800,SS,27.5N,34.5W,1005,27.08,-34.08
15,Alex,2004,105,Alex_2004,506,20040731,1800,TD,30.3N,78.3W,1010,30.05,-78.05
129,Bonnie,2004,55,Bonnie_2004,507,20040803,1200,TD,12.9N,53.6W,1010,12.15,-53.1
173,Charley,2004,130,Charley_2004,508,20040809,1200,TD,11.4N,59.2W,1010,11.07,-59.03
221,Danielle,2004,95,Danielle_2004,509,20040813,1200,TD,12.3N,21.8W,1009,12.05,-21.13
291,Earl,2004,45,Earl_2004,510,20040813,1800,TD,9.0N,45.6W,1011,9.0,-45.1
420,Frances,2004,125,Frances_2004,511,20040825,0,TD,11.1N,35.2W,1009,11.02,-35.03
437,Gaston,2004,65,Gaston_2004,512,20040827,1200,TD,31.8N,78.1W,1015,31.13,-78.02
519,Hermine,2004,50,Hermine_2004,513,20040827,1800,TD,29.0N,65.2W,1016,29.0,-65.03
578,Ivan,2004,145,Ivan_2004,514,20040902,1800,TD,9.7N,27.6W,1009,9.12,-27.1
584,Jeanne,2004,105,Jeanne_2004,515,20040913,1800,TD,15.9N,60.0W,1010,15.15,-60.0
626,Karl,2004,125,Karl_2004,516,20040916,600,TD,11.2N,29.2W,1008,11.03,-29.03
666,Lisa,2004,65,Lisa_2004,517,20040919,1800,TD,13.3N,32.4W,1004,13.05,-32.07
684,Matthew,2004,40,Matthew_2004,518,20041008,1200,TD,24.0N,95.4W,1007,24.0,-95.07
708,Nicole,2004,45,Nicole_2004,519,20041010,0,EX,30.0N,65.2W,1000,30.0,-65.03
728,Otto,2004,45,Otto_2004,520,20041126,0,EX,28.0N,40.0W,1009,28.0,-40.0
63,Arlene,2005,60,Arlene_2005,521,20050608,1800,TD,16.9N,84.0W,1004,16.15,-84.0
141,Bret,2005,35,Bret_2005,522,20050628,1800,TD,19.7N,95.4W,1006,19.12,-95.07
194,Cindy,2005,65,Cindy_2005,523,20050703,1800,TD,18.3N,86.7W,1009,18.05,-86.12
258,Dennis,2005,130,Dennis_2005,524,20050704,1800,TD,12.0N,60.8W,1010,12.0,-60.13
330,Emily,2005,140,Emily_2005,525,20050711,0,TD,10.7N,42.4W,1010,10.12,-42.07
421,Franklin,2005,60,Franklin_2005,526,20050721,1800,TD,25.0N,75.0W,1010,25.0,-75.0
450,Gert,2005,40,Gert_2005,527,20050723,1800,TD,19.3N,92.9W,1011,19.05,-92.15
497,Harvey,2005,55,Harvey_2005,528,20050802,1800,TD,28.2N,68.8W,1006,28.03,-68.13
555,Irene,2005,90,Irene_2005,529,20050804,1800,TD,12.9N,33.5W,1009,12.15,-33.08
756,Ten,2005,30,Ten_2005,530,20050813,1200,TD,13.3N,43.6W,1009,13.05,-43.1
599,Jose,2005,50,Jose_2005,531,20050822,1200,TD,19.4N,94.5W,1006,19.07,-94.08
637,Katrina,2005,150,Katrina_2005,532,20050823,1800,TD,23.1N,75.1W,1008,23.02,-75.02
654,Lee,2005,35,Lee_2005,533,20050828,1200,TD,14.0N,45.1W,1009,14.0,-45.02
679,Maria,2005,100,Maria_2005,534,20050901,1200,TD,18.8N,45.5W,1008,18.13,-45.08
702,Nate,2005,80,Nate_2005,535,20050905,1800,TD,28.4N,67.0W,1008,28.07,-67.0
723,Ophelia,2005,75,Ophelia_2005,536,20050906,600,TD,25.8N,78.6W,1009,25.13,-78.1
737,Philippe,2005,70,Philippe_2005,537,20050917,1200,TD,13.3N,54.5W,1008,13.05,-54.08
745,Rita,2005,155,Rita_2005,538,20050918,0,TD,21.3N,69.9W,1009,21.05,-69.15
712,Nineteen,2005,30,Nineteen_2005,539,20050930,1200,TD,11.8N,32.7W,1009,11.13,-32.12
753,Stan,2005,70,Stan_2005,540,20051001,1200,TD,18.9N,85.6W,1007,18.15,-85.1
754,Tammy,2005,45,Tammy_2005,541,20051005,600,TS,27.3N,79.7W,1006,27.05,-79.12
762,Twenty-Two,2005,40,Twenty-Two_2005,542,20051008,600,SD,26.1N,57.4W,1009,26.02,-57.07
765,Vince,2005,65,Vince_2005,543,20051008,600,SS,32.9N,20.6W,1001,32.15,-20.1
766,Wilma,2005,160,Wilma_2005,544,20051015,1800,TD,17.6N,78.5W,1004,17.1,-78.08
34,Alpha,2005,45,Alpha_2005,545,20051022,1200,TD,15.8N,67.5W,1007,15.13,-67.08
107,Beta,2005,100,Beta_2005,546,20051026,1800,TD,10.4N,80.9W,1007,10.07,-80.15
436,Gamma,2005,45,Gamma_2005,547,20051114,0,TD,13.2N,62.1W,1007,13.03,-62.02
253,Delta,2005,60,Delta_2005,548,20051119,1200,EX,27.0N,48.0W,1010,27.0,-48.0
334,Epsilon,2005,75,Epsilon_2005,549,20051129,600,TS,31.5N,49.2W,993,31.08,-49.03
767,Zeta,2005,50,Zeta_2005,550,20051230,0,TD,23.9N,35.6W,1009,23.15,-35.1
768,Zeta,2006,55,Zeta_2006,551,20060101,0,TS,25.6N,38.3W,997,25.1,-38.05
11,Alberto,2006,60,Alberto_2006,552,20060610,600,TD,20.0N,85.0W,1004,20.0,-85.0
103,Beryl,2006,50,Beryl_2006,553,20060718,1200,TD,32.3N,73.3W,1010,32.05,-73.05
184,Chris,2006,55,Chris_2006,554,20060801,0,TD,16.3N,58.1W,1011,16.05,-58.02
245,Debby,2006,45,Debby_2006,555,20060821,1800,TD,11.6N,21.7W,1007,11.1,-21.12
350,Ernesto,2006,65,Ernesto_2006,556,20060824,1800,TD,12.7N,61.6W,1008,12.12,-61.1
395,Florence,2006,80,Florence_2006,557,20060903,1800,TD,14.1N,39.4W,1007,14.02,-39.07
470,Gordon,2006,105,Gordon_2006,558,20060910,1800,TD,20.2N,53.8W,1012,20.03,-53.13
509,Helene,2006,105,Helene_2006,559,20060912,1200,TD,11.9N,22.0W,1007,11.15,-22.0
564,Isaac,2006,75,Isaac_2006,560,20060927,1800,TD,26.1N,52.6W,1012,26.02,-52.1
44,Andrea,2007,65,Andrea_2007,561,20070506,1200,EX,35.5N,74.0W,1012,35.08,-74.0
83,Barry,2007,50,Barry_2007,562,20070531,0,LO,18.1N,87.0W,1008,18.02,-87.0
166,Chantal,2007,60,Chantal_2007,563,20070731,0,TD,35.5N,66.5W,1007,35.08,-66.08
236,Dean,2007,150,Dean_2007,564,20070813,600,TD,12.2N,28.9W,1006,12.03,-28.15
343,Erin,2007,50,Erin_2007,565,20070815,0,TD,23.7N,90.7W,1006,23.12,-90.12
373,Felix,2007,150,Felix_2007,566,20070831,1200,TD,11.5N,56.6W,1009,11.08,-56.1
432,Gabrielle,2007,50,Gabrielle_2007,567,20070908,0,SS,30.1N,71.8W,1011,30.02,-71.13
548,Ingrid,2007,40,Ingrid_2007,568,20070912,600,TD,13.0N,43.6W,1009,13.0,-43.1
535,Humberto,2007,80,Humberto_2007,569,20070912,600,LO,27.3N,95.0W,1009,27.05,-95.0
757,Ten,2007,30,Ten_2007,570,20070921,1200,SD,29.1N,85.4W,1005,29.02,-85.07
590,Jerry,2007,35,Jerry_2007,571,20070923,0,SD,36.2N,46.1W,1008,36.03,-46.02
621,Karen,2007,65,Karen_2007,572,20070925,0,TD,10.0N,35.9W,1006,10.0,-35.15
671,Lorenzo,2007,70,Lorenzo_2007,573,20070925,1800,TD,21.8N,94.8W,1009,21.13,-94.13
687,Melissa,2007,35,Melissa_2007,574,20070928,600,TD,14.0N,25.8W,1010,14.0,-25.13
380,Fifteen,2007,45,Fifteen_2007,575,20071011,1200,TD,29.5N,52.6W,1011,29.08,-52.1
715,Noel,2007,75,Noel_2007,576,20071024,0,LO,18.0N,60.2W,1010,18.0,-60.03
718,Olga,2007,50,Olga_2007,577,20071210,1200,LO,18.3N,61.8W,1009,18.05,-61.13
70,Arthur,2008,40,Arthur_2008,578,20080531,0,TS,17.5N,87.5W,1005,17.08,-87.08
97,Bertha,2008,110,Bertha_2008,579,20080703,600,TD,12.7N,22.9W,1008,12.12,-22.15
213,Cristobal,2008,55,Cristobal_2008,580,20080719,0,TD,31.7N,79.8W,1010,31.12,-79.13
271,Dolly,2008,85,Dolly_2008,581,20080720,1200,TS,17.8N,83.6W,1008,17.13,-83.1
309,Edouard,2008,55,Edouard_2008,582,20080803,1200,TD,28.1N,87.4W,1010,28.02,-87.07
366,Fay,2008,60,Fay_2008,583,20080815,1200,TD,18.4N,67.4W,1011,18.07,-67.07
487,Gustav,2008,135,Gustav_2008,584,20080825,0,TD,13.5N,67.4W,1008,13.08,-67.07
491,Hanna,2008,75,Hanna_2008,585,20080828,0,TD,19.4N,57.3W,1007,19.07,-57.05
542,Ike,2008,125,Ike_2008,586,20080901,600,TD,17.2N,37.0W,1006,17.03,-37.0
606,Josephine,2008,55,Josephine_2008,587,20080902,0,TD,12.3N,21.9W,1007,12.05,-21.15
649,Kyle,2008,75,Kyle_2008,588,20080925,0,TD,21.5N,70.0W,1005,21.08,-70.0
652,Laura,2008,70,Laura_2008,589,20080926,0,EX,39.0N,35.0W,1011,39.0,-35.0
678,Marco,2008,55,Marco_2008,590,20081006,0,TD,18.5N,91.7W,1006,18.08,-91.12
701,Nana,2008,35,Nana_2008,591,20081012,600,TD,15.5N,36.6W,1007,15.08,-36.1
720,Omar,2008,115,Omar_2008,592,20081013,600,TD,15.4N,69.0W,1005,15.07,-69.0
752,Sixteen,2008,25,Sixteen_2008,593,20081014,1200,TD,15.5N,82.8W,1004,15.08,-82.13
733,Paloma,2008,125,Paloma_2008,594,20081105,1800,TD,13.7N,81.7W,1004,13.12,-81.12
721,One,2009,30,One_2009,595,20090526,1800,LO,30.6N,75.4W,1010,30.1,-75.07
42,Ana,2009,35,Ana_2009,596,20090810,600,LO,14.3N,24.0W,1008,14.05,-24.0
118,Bill,2009,115,Bill_2009,597,20090815,600,TD,11.8N,32.0W,1007,11.13,-32.0
203,Claudette,2009,50,Claudette_2009,598,20090816,600,TD,27.0N,83.4W,1011,27.0,-83.07
228,Danny,2009,50,Danny_2009,599,20090826,900,TS,24.3N,69.6W,1009,24.05,-69.1
338,Erika,2009,45,Erika_2009,600,20090901,1800,TS,16.7N,57.3W,1007,16.12,-57.05
424,Fred,2009,105,Fred_2009,601,20090907,1800,TD,11.8N,24.0W,1005,11.13,-24.0
311,Eight,2009,30,Eight_2009,602,20090925,600,LO,14.8N,29.0W,1010,14.13,-29.0
476,Grace,2009,55,Grace_2009,603,20090927,1800,EX,46.0N,43.2W,995,46.0,-43.03
515,Henri,2009,45,Henri_2009,604,20091006,0,TD,15.1N,49.2W,1008,15.02,-49.03
539,Ida,2009,90,Ida_2009,605,20091104,600,TD,11.0N,81.3W,1007,11.0,-81.05
16,Alex,2010,95,Alex_2010,606,20100624,1800,LO,15.9N,82.0W,1007,15.15,-82.0
763,Two,2010,30,Two_2010,607,20100707,600,LO,21.5N,91.1W,1006,21.08,-91.02
130,Bonnie,2010,40,Bonnie_2010,608,20100722,600,TD,21.5N,73.8W,1009,21.08,-73.13
208,Colin,2010,50,Colin_2010,609,20100802,1200,TD,12.5N,40.7W,1007,12.08,-40.12
384,Five,2010,30,Five_2010,610,20100810,600,LO,25.7N,83.0W,1008,25.12,-83.0
222,Danielle,2010,115,Danielle_2010,611,20100821,1200,LO,10.7N,31.1W,1009,10.12,-31.02
292,Earl,2010,125,Earl_2010,612,20100824,0,LO,12.4N,19.3W,1009,12.07,-19.05
382,Fiona,2010,55,Fiona_2010,613,20100830,0,LO,14.0N,41.8W,1007,14.0,-41.13
438,Gaston,2010,35,Gaston_2010,614,20100901,0,LO,12.2N,32.2W,1008,12.03,-32.03
520,Hermine,2010,60,Hermine_2010,615,20100904,1800,LO,17.5N,95.6W,1006,17.08,-95.1
541,Igor,2010,135,Igor_2010,616,20100908,600,TD,14.0N,22.7W,1006,14.0,-22.12
614,Julia,2010,120,Julia_2010,617,20100912,600,TD,12.9N,20.5W,1007,12.15,-20.08
627,Karl,2010,110,Karl_2010,618,20100913,1800,LO,16.3N,78.5W,1005,16.05,-78.08
667,Lisa,2010,75,Lisa_2010,619,20100920,0,LO,15.2N,32.0W,1008,15.03,-32.0
685,Matthew,2010,50,Matthew_2010,620,20100923,1200,TD,13.7N,74.8W,1008,13.12,-74.13
709,Nicole,2010,40,Nicole_2010,621,20100928,0,LO,19.4N,84.1W,1003,19.07,-84.02
729,Otto,2010,75,Otto_2010,622,20101006,600,SD,22.0N,67.2W,1000,22.0,-67.03
735,Paula,2010,90,Paula_2010,623,20101011,0,TD,13.9N,81.8W,1006,13.15,-81.13
742,Richard,2010,85,Richard_2010,624,20101019,1800,LO,17.2N,83.4W,1008,17.03,-83.07
751,Shary,2010,65,Shary_2010,625,20101028,1800,TD,25.6N,61.2W,1006,25.1,-61.03
760,Tomas,2010,85,Tomas_2010,626,20101029,600,TD,9.0N,53.7W,1006,9.0,-53.12
64,Arlene,2011,55,Arlene_2011,627,20110628,600,LO,19.9N,92.8W,1007,19.15,-92.13
142,Bret,2011,60,Bret_2011,628,20110716,600,LO,30.7N,79.7W,1014,30.12,-79.12
195,Cindy,2011,60,Cindy_2011,629,20110720,600,TD,33.0N,59.5W,1010,33.0,-59.08
273,Don,2011,45,Don_2011,630,20110727,600,TD,21.6N,85.7W,1007,21.1,-85.12
331,Emily,2011,45,Emily_2011,631,20110802,0,TS,14.9N,61.4W,1007,14.15,-61.07
422,Franklin,2011,40,Franklin_2011,632,20110812,1200,LO,34.7N,66.0W,1011,34.12,-66.0
451,Gert,2011,55,Gert_2011,633,20110813,600,LO,26.2N,58.0W,1013,26.03,-58.0
498,Harvey,2011,55,Harvey_2011,634,20110819,0,TD,15.4N,82.0W,1006,15.07,-82.0
556,Irene,2011,105,Irene_2011,635,20110821,0,TS,15.0N,59.0W,1006,15.0,-59.0
758,Ten,2011,30,Ten_2011,636,20110825,0,TD,12.3N,29.0W,1006,12.05,-29.0
600,Jose,2011,40,Jose_2011,637,20110826,1200,LO,27.3N,59.0W,1016,27.05,-59.0
632,Katia,2011,120,Katia_2011,638,20110828,0,LO,9.5N,19.0W,1012,9.08,-19.0
655,Lee,2011,50,Lee_2011,639,20110902,0,TD,26.6N,91.4W,1007,26.1,-91.07
680,Maria,2011,70,Maria_2011,640,20110906,1800,TD,11.5N,35.9W,1008,11.08,-35.15
703,Nate,2011,65,Nate_2011,641,20110906,1800,LO,20.3N,93.9W,1006,20.05,-93.15
724,Ophelia,2011,120,Ophelia_2011,642,20110920,600,LO,11.6N,37.0W,1008,11.1,-37.0
738,Philippe,2011,80,Philippe_2011,643,20110923,0,LO,8.3N,17.5W,1010,8.05,-17.08
743,Rina,2011,100,Rina_2011,644,20111022,0,LO,12.7N,81.0W,1007,12.12,-81.0
748,Sean,2011,55,Sean_2011,645,20111106,0,EX,28.5N,70.0W,1005,28.08,-70.0
12,Alberto,2012,50,Alberto_2012,646,20120519,0,LO,33.1N,77.0W,1010,33.02,-77.0
104,Beryl,2012,60,Beryl_2012,647,20120525,1200,LO,30.1N,76.1W,1010,30.02,-76.02
185,Chris,2012,75,Chris_2012,648,20120617,0,LO,28.8N,68.8W,1009,28.13,-68.13
246,Debby,2012,55,Debby_2012,649,20120623,1200,TS,25.5N,87.6W,1002,25.08,-87.1
351,Ernesto,2012,85,Ernesto_2012,650,20120801,1200,TD,11.6N,46.7W,1008,11.1,-46.12
396,Florence,2012,50,Florence_2012,651,20120803,600,LO,12.2N,23.1W,1011,12.03,-23.02
510,Helene,2012,40,Helene_2012,652,20120809,1800,TD,13.7N,43.0W,1010,13.12,-43.0
471,Gordon,2012,95,Gordon_2012,653,20120815,1200,TD,27.6N,54.6W,1013,27.1,-54.1
565,Isaac,2012,70,Isaac_2012,654,20120820,1200,LO,15.7N,44.8W,1010,15.12,-44.13
608,Joyce,2012,35,Joyce_2012,655,20120821,1800,LO,10.7N,31.7W,1011,10.12,-31.12
642,Kirk,2012,90,Kirk_2012,656,20120828,1800,TD,23.9N,43.4W,1007,23.15,-43.07
659,Leslie,2012,70,Leslie_2012,657,20120828,1200,LO,12.9N,27.4W,1010,12.15,-27.07
691,Michael,2012,100,Michael_2012,658,20120902,0,LO,28.9N,36.7W,1015,28.15,-36.12
698,Nadine,2012,80,Nadine_2012,659,20120910,1200,TD,15.5N,38.0W,1008,15.08,-38.0
726,Oscar,2012,45,Oscar_2012,660,20121002,1200,LO,12.4N,38.0W,1008,12.07,-38.0
734,Patty,2012,40,Patty_2012,661,20121010,1800,LO,25.5N,72.5W,1012,25.08,-72.08
740,Rafael,2012,80,Rafael_2012,662,20121012,1800,TS,14.7N,62.7W,1006,14.12,-62.12
747,Sandy,2012,100,Sandy_2012,663,20121021,1800,LO,14.3N,77.4W,1006,14.05,-77.07
761,Tony,2012,45,Tony_2012,664,20121021,1800,LO,20.1N,50.8W,1011,20.02,-50.13
45,Andrea,2013,55,Andrea_2013,665,20130605,1800,TS,25.1N,86.6W,1006,25.02,-86.1
84,Barry,2013,40,Barry_2013,666,20130616,0,LO,12.4N,81.5W,1009,12.07,-81.08
167,Chantal,2013,55,Chantal_2013,667,20130707,1200,TS,9.3N,41.4W,1011,9.05,-41.07
280,Dorian,2013,50,Dorian_2013,668,20130722,1800,LO,11.3N,20.0W,1009,11.05,-20.0
344,Erin,2013,40,Erin_2013,669,20130815,0,TD,13.9N,23.3W,1008,13.15,-23.05
376,Fernand,2013,50,Fernand_2013,670,20130825,1200,TD,18.7N,94.2W,1006,18.12,-94.03
433,Gabrielle,2013,55,Gabrielle_2013,671,20130904,1800,TD,16.2N,65.9W,1010,16.03,-65.15
312,Eight,2013,30,Eight_2013,672,20130906,1200,TD,22.4N,97.4W,1009,22.07,-97.07
536,Humberto,2013,80,Humberto_2013,673,20130908,0,LO,13.0N,17.6W,1009,13.0,-17.1
549,Ingrid,2013,75,Ingrid_2013,674,20130912,600,LO,19.3N,92.2W,1006,19.05,-92.03
591,Jerry,2013,45,Jerry_2013,675,20130928,0,LO,21.1N,50.0W,1012,21.02,-50.0
622,Karen,2013,55,Karen_2013,676,20131003,600,TS,21.5N,86.8W,1006,21.08,-86.13
672,Lorenzo,2013,45,Lorenzo_2013,677,20131021,600,TD,27.6N,55.9W,1012,27.1,-55.15
688,Melissa,2013,55,Melissa_2013,678,20131117,0,EX,23.9N,52.4W,1006,23.15,-52.07
71,Arthur,2014,85,Arthur_2014,679,20140628,1800,LO,32.0N,78.2W,1017,32.0,-78.03
764,Two,2014,30,Two_2014,680,20140719,1200,LO,9.0N,29.0W,1012,9.0,-29.0
98,Bertha,2014,70,Bertha_2014,681,20140729,600,LO,9.6N,37.1W,1013,9.1,-37.02
214,Cristobal,2014,75,Cristobal_2014,682,20140823,1800,TD,21.5N,72.2W,1005,21.08,-72.03
272,Dolly,2014,45,Dolly_2014,683,20140901,1200,LO,19.2N,92.3W,1009,19.03,-92.05
310,Edouard,2014,105,Edouard_2014,684,20140910,1800,LO,13.7N,33.2W,1009,13.12,-33.03
367,Fay,2014,70,Fay_2014,685,20141010,0,LO,22.0N,61.2W,1007,22.0,-61.03
467,Gonzalo,2014,125,Gonzalo_2014,686,20141011,1800,LO,16.4N,54.9W,1010,16.07,-54.15
492,Hanna,2014,35,Hanna_2014,687,20141021,0,LO,19.5N,95.3W,1002,19.08,-95.05
43,Ana,2015,50,Ana_2015,688,20150506,600,LO,26.8N,79.2W,1016,26.13,-79.03
119,Bill,2015,50,Bill_2015,689,20150616,0,TS,27.0N,94.3W,1005,27.0,-94.05
204,Claudette,2015,45,Claudette_2015,690,20150712,0,LO,35.4N,75.4W,1010,35.07,-75.07
229,Danny,2015,110,Danny_2015,691,20150817,0,LO,9.6N,29.3W,1011,9.1,-29.05
339,Erika,2015,45,Erika_2015,692,20150824,1800,TS,14.3N,45.1W,1003,14.05,-45.02
425,Fred,2015,75,Fred_2015,693,20150830,0,TD,11.6N,17.5W,1007,11.1,-17.08
477,Grace,2015,50,Grace_2015,694,20150905,600,TD,12.0N,23.1W,1010,12.0,-23.02
516,Henri,2015,45,Henri_2015,695,20150908,600,LO,31.1N,62.2W,1014,31.02,-62.03
711,Nine,2015,30,Nine_2015,696,20150915,0,LO,11.5N,40.3W,1011,11.08,-40.05
540,Ida,2015,45,Ida_2015,697,20150915,1200,LO,9.4N,24.2W,1010,9.07,-24.03
596,Joaquin,2015,135,Joaquin_2015,698,20150926,1800,LO,26.8N,68.7W,1011,26.13,-68.12
631,Kate,2015,75,Kate_2015,699,20151108,1800,TD,22.2N,71.5W,1010,22.03,-71.08
17,Alex,2016,75,Alex_2016,700,20160107,0,EX,26.6N,75.3W,1010,26.1,-75.05
131,Bonnie,2016,40,Bonnie_2016,701,20160527,600,LO,27.2N,72.1W,1010,27.03,-72.02
209,Colin,2016,50,Colin_2016,702,20160605,1200,TD,21.6N,88.0W,1005,21.1,-88.0
223,Danielle,2016,40,Danielle_2016,703,20160618,1800,LO,19.4N,91.6W,1010,19.07,-91.1
293,Earl,2016,75,Earl_2016,704,20160802,600,TS,16.3N,77.5W,1004,16.05,-77.08
383,Fiona,2016,45,Fiona_2016,705,20160816,1800,TD,12.0N,32.2W,1009,12.0,-32.03
439,Gaston,2016,105,Gaston_2016,706,20160821,1200,LO,11.0N,19.4W,1009,11.0,-19.07
313,Eight,2016,30,Eight_2016,707,20160827,0,LO,30.7N,65.0W,1012,30.12,-65.0
521,Hermine,2016,70,Hermine_2016,708,20160828,1800,TD,23.8N,81.4W,1009,23.13,-81.07
538,Ian,2016,55,Ian_2016,709,20160912,0,LO,20.0N,48.5W,1007,20.0,-48.08
615,Julia,2016,45,Julia_2016,710,20160913,600,TD,27.3N,80.2W,1010,27.05,-80.03
628,Karl,2016,60,Karl_2016,711,20160912,1800,LO,13.1N,19.0W,1010,13.02,-19.0
668,Lisa,2016,45,Lisa_2016,712,20160919,600,LO,13.2N,26.7W,1008,13.03,-26.12
686,Matthew,2016,145,Matthew_2016,713,20160928,1200,TS,13.4N,59.8W,1009,13.07,-59.13
710,Nicole,2016,120,Nicole_2016,714,20161004,600,TS,23.2N,59.8W,1007,23.03,-59.13
730,Otto,2016,100,Otto_2016,715,20161117,1800,LO,12.5N,80.7W,1006,12.08,-80.12
65,Arlene,2017,55,Arlene_2017,716,20170416,600,EX,35.8N,50.3W,992,35.13,-50.05
143,Bret,2017,45,Bret_2017,717,20170618,1800,DB,7.5N,49.6W,1008,7.08,-49.1
196,Cindy,2017,50,Cindy_2017,718,20170619,1800,DB,23.6N,88.6W,1003,23.1,-88.1
404,Four,2017,25,Four_2017,719,20170705,1200,LO,11.8N,35.9W,1010,11.13,-35.15
274,Don,2017,45,Don_2017,720,20170717,0,LO,10.3N,47.7W,1011,10.05,-47.12
332,Emily,2017,50,Emily_2017,721,20170730,1800,TD,28.4N,85.4W,1009,28.07,-85.07
423,Franklin,2017,75,Franklin_2017,722,20170806,1800,LO,15.5N,81.5W,1008,15.08,-81.08
452,Gert,2017,95,Gert_2017,723,20170812,0,LO,22.4N,66.8W,1013,22.07,-66.13
499,Harvey,2017,115,Harvey_2017,724,20170816,600,LO,13.7N,45.8W,1013,13.12,-45.13
561,Irma,2017,155,Irma_2017,725,20170830,0,TD,16.1N,26.9W,1008,16.02,-26.15
601,Jose,2017,135,Jose_2017,726,20170904,600,LO,9.3N,33.5W,1010,9.05,-33.08
633,Katia,2017,90,Katia_2017,727,20170905,1200,TD,22.2N,97.2W,1010,22.03,-97.03
656,Lee,2017,100,Lee_2017,728,20170914,1800,TD,10.4N,23.1W,1011,10.07,-23.02
681,Maria,2017,150,Maria_2017,729,20170916,1200,TD,12.2N,49.7W,1006,12.03,-49.12
704,Nate,2017,80,Nate_2017,730,20171003,1200,LO,10.7N,80.8W,1008,10.12,-80.13
725,Ophelia,2017,100,Ophelia_2017,731,20171006,1200,LO,31.8N,39.5W,1013,31.13,-39.08
739,Philippe,2017,35,Philippe_2017,732,20171027,1800,DB,17.5N,84.2W,1006,17.08,-84.03
744,Rina,2017,50,Rina_2017,733,20171104,1200,LO,25.5N,52.3W,1013,25.08,-52.05
13,Alberto,2018,55,Alberto_2018,734,20180525,1200,SD,18.8N,87.1W,1006,18.13,-87.02
105,Beryl,2018,70,Beryl_2018,735,20180704,1200,TD,10.0N,34.9W,1008,10.0,-34.15
186,Chris,2018,90,Chris_2018,736,20180705,600,LO,30.7N,68.5W,1021,30.12,-68.08
247,Debby,2018,45,Debby_2018,737,20180802,1800,EX,41.2N,33.7W,1012,41.03,-33.12
352,Ernesto,2018,40,Ernesto_2018,738,20180815,0,LO,36.9N,45.5W,1011,36.15,-45.08
397,Florence,2018,130,Florence_2018,739,20180830,600,LO,12.8N,16.9W,1008,12.13,-16.15
472,Gordon,2018,60,Gordon_2018,740,20180902,1800,DB,22.4N,77.0W,1012,22.07,-77.0
511,Helene,2018,95,Helene_2018,741,20180907,1200,TD,13.4N,16.8W,1004,13.07,-16.13
566,Isaac,2018,65,Isaac_2018,742,20180907,1200,TD,13.5N,35.0W,1007,13.08,-35.0
609,Joyce,2018,45,Joyce_2018,743,20180912,0,EX,37.0N,39.8W,1012,37.0,-39.13
318,Eleven,2018,30,Eleven_2018,744,20180921,1800,TD,12.9N,52.5W,1008,12.15,-52.08
643,Kirk,2018,55,Kirk_2018,745,20180922,600,TD,7.7N,21.8W,1007,7.12,-21.13
660,Leslie,2018,80,Leslie_2018,746,20180922,0,EX,35.0N,45.0W,1008,35.0,-45.0
692,Michael,2018,140,Michael_2018,747,20181006,1800,LO,17.8N,86.6W,1006,17.13,-86.1
699,Nadine,2018,55,Nadine_2018,748,20181008,1200,LO,9.3N,26.7W,1009,9.05,-26.12
727,Oscar,2018,95,Oscar_2018,749,20181026,1800,SS,25.4N,45.3W,1006,25.07,-45.05
46,Andrea,2019,35,Andrea_2019,750,20190520,1800,SS,28.1N,68.6W,1008,28.02,-68.1
85,Barry,2019,65,Barry_2019,751,20190710,1200,DB,28.5N,86.5W,1009,28.08,-86.08
759,Three,2019,30,Three_2019,752,20190722,1200,TD,24.6N,77.4W,1013,24.1,-77.07
168,Chantal,2019,35,Chantal_2019,753,20190820,1800,TD,40.1N,59.7W,1008,40.02,-59.12
281,Dorian,2019,160,Dorian_2019,754,20190824,600,TD,10.3N,46.4W,1011,10.05,-46.07
345,Erin,2019,35,Erin_2019,755,20190826,1200,TD,31.7N,72.7W,1010,31.12,-72.12
377,Fernand,2019,45,Fernand_2019,756,20190903,600,DB,23.6N,94.0W,1006,23.1,-94.0
434,Gabrielle,2019,55,Gabrielle_2019,757,20190903,0,LO,16.1N,30.1W,1007,16.02,-30.02
537,Humberto,2019,110,Humberto_2019,758,20190912,1200,LO,23.0N,74.2W,1010,23.0,-74.03
592,Jerry,2019,90,Jerry_2019,759,20190917,0,LO,12.6N,42.6W,1009,12.1,-42.1
544,Imelda,2019,40,Imelda_2019,760,20190917,1200,TD,28.3N,95.7W,1008,28.05,-95.12
623,Karen,2019,40,Karen_2019,761,20190922,0,TD,11.5N,58.8W,1007,11.08,-58.13
673,Lorenzo,2019,140,Lorenzo_2019,762,20190922,1800,LO,10.9N,18.8W,1008,10.15,-18.13
689,Melissa,2019,55,Melissa_2019,763,20191008,1800,EX,35.0N,74.1W,1009,35.0,-74.02
381,Fifteen,2019,30,Fifteen_2019,764,20191014,1200,TD,12.6N,19.3W,1006,12.1,-19.05
705,Nestor,2019,50,Nestor_2019,765,20191017,1200,DB,22.2N,95.7W,1007,22.03,-95.12
719,Olga,2019,45,Olga_2019,766,20191025,1200,TS,24.7N,94.8W,1004,24.12,-94.13
732,Pablo,2019,70,Pablo_2019,767,20191023,1800,EX,40.0N,38.3W,1000,40.0,-38.05
741,Rebekah,2019,70,Rebekah_2019,768,20191027,0,EX,40.5N,51.5W,1004,40.08,-51.08
750,Sebastien,2019,60,Sebastien_2019,769,20191119,600,TS,19.4N,58.1W,1006,19.07,-58.02
