,name,year,hurricane_id,time,status,max_wind,air_pressure,latitude,longitude,norm_damage_usd,damage_usd,name_year
17755,Katrina,2005,532,0,HU,140,992,27.03,-89.03,116,125,Katrina_2005
17785,Katrina,2005,532,0,HU,90,1005,24.1,-83.05,116,125,Katrina_2005
17780,Katrina,2005,532,2230,HU,70,1011,26.0,-80.02,116,125,Katrina_2005
17772,Katrina,2005,532,1200,HU,100,0,24.07,-84.12,116,125,Katrina_2005
17771,Katrina,2005,532,1800,TD,30,989,23.02,-75.02,116,125,Katrina_2005
17782,Katrina,2005,532,600,HU,65,979,25.07,-81.05,116,125,Katrina_2005
17758,Katrina,2005,532,1200,HU,110,978,29.08,-89.1,116,125,Katrina_2005
17779,Katrina,2005,532,1800,TS,60,973,26.03,-79.1,116,125,Katrina_2005
17777,Katrina,2005,532,600,TS,50,1010,26.02,-78.07,116,125,Katrina_2005
17753,Katrina,2005,532,600,HU,125,0,25.03,-86.12,116,125,Katrina_2005
17774,Katrina,2005,532,1200,TS,35,1007,24.08,-76.08,116,125,Katrina_2005
17773,Katrina,2005,532,600,TD,30,1002,23.13,-76.03,116,125,Katrina_2005
17764,Katrina,2005,532,1800,TD,30,1005,37.0,-87.0,116,125,Katrina_2005
17760,Katrina,2005,532,1800,HU,80,990,31.02,-89.1,116,125,Katrina_2005
17778,Katrina,2005,532,0,TD,30,1001,23.07,-75.12,116,125,Katrina_2005
17768,Katrina,2005,532,1800,HU,100,977,24.08,-85.05,116,125,Katrina_2005
17767,Katrina,2005,532,0,HU,100,0,24.13,-85.15,116,125,Katrina_2005
17770,Katrina,2005,532,600,HU,95,999,24.07,-84.0,116,125,Katrina_2005
17766,Katrina,2005,532,600,EX,25,1008,40.02,-82.15,116,125,Katrina_2005
17759,Katrina,2005,532,1445,HU,105,0,30.03,-89.1,116,125,Katrina_2005
17761,Katrina,2005,532,0,TS,50,0,32.1,-89.02,116,125,Katrina_2005
17765,Katrina,2005,532,0,EX,30,976,38.1,-85.05,116,125,Katrina_2005
17786,Katrina,2005,532,1200,TS,55,976,26.03,-79.0,116,125,Katrina_2005
17781,Katrina,2005,532,0,HU,70,1009,25.15,-80.05,116,125,Katrina_2005
17763,Katrina,2005,532,1200,TD,30,999,35.1,-88.0,116,125,Katrina_2005
17757,Katrina,2005,532,1110,HU,110,1001,29.05,-89.1,116,125,Katrina_2005
17769,Katrina,2005,532,1800,HU,150,0,26.05,-88.1,116,125,Katrina_2005
17756,Katrina,2005,532,600,HU,125,0,28.03,-89.1,116,125,Katrina_2005
17754,Katrina,2005,532,1200,HU,145,0,25.12,-87.12,116,125,Katrina_2005
17776,Katrina,2005,532,0,TS,45,950,26.0,-77.12,116,125,Katrina_2005
17762,Katrina,2005,532,600,TS,40,998,34.02,-88.1,116,125,Katrina_2005
17784,Katrina,2005,532,1800,HU,85,0,24.15,-82.1,116,125,Katrina_2005
17783,Katrina,2005,532,1200,HU,75,1009,25.02,-82.0,116,125,Katrina_2005
17775,Katrina,2005,532,1800,TS,40,1007,25.07,-76.15,116,125,Katrina_2005
11938,Andrew,1992,363,1800,HU,125,0,27.13,-89.1,106,27,Andrew_1992
11951,Andrew,1992,363,600,TS,45,1007,17.03,-55.05,106,27,Andrew_1992
11931,Andrew,1992,363,0,TS,35,977,31.08,-91.02,106,27,Andrew_1992
11935,Andrew,1992,363,0,TD,20,1002,34.07,-86.12,106,27,Andrew_1992
11953,Andrew,1992,363,0,TS,40,1002,13.1,-46.03,106,27,Andrew_1992
11950,Andrew,1992,363,0,TS,45,993,16.05,-53.08,106,27,Andrew_1992
11947,Andrew,1992,363,600,TS,45,995,14.02,-48.0,106,27,Andrew_1992
11955,Andrew,1992,363,1800,TS,45,993,18.13,-58.05,106,27,Andrew_1992
11914,Andrew,1992,363,0,HU,115,997,26.03,-85.0,106,27,Andrew_1992
11959,Andrew,1992,363,1200,TS,50,991,24.07,-64.03,106,27,Andrew_1992
11936,Andrew,1992,363,600,TD,20,960,35.07,-84.0,106,27,Andrew_1992
11949,Andrew,1992,363,1800,TS,45,1007,15.07,-51.13,106,27,Andrew_1992
11948,Andrew,1992,363,1200,TS,45,1008,14.1,-49.15,106,27,Andrew_1992
11952,Andrew,1992,363,1200,TS,45,1005,18.0,-56.15,106,27,Andrew_1992
11928,Andrew,1992,363,600,HU,120,0,29.03,-91.05,106,27,Andrew_1992
11958,Andrew,1992,363,0,TS,55,1008,25.05,-65.15,106,27,Andrew_1992
11926,Andrew,1992,363,830,HU,100,0,29.1,-91.08,106,27,Andrew_1992
11922,Andrew,1992,363,2100,HU,140,0,25.07,-76.1,106,27,Andrew_1992
11960,Andrew,1992,363,1800,TS,50,975,24.13,-64.15,106,27,Andrew_1992
11923,Andrew,1992,363,1800,HU,150,0,25.07,-75.13,106,27,Andrew_1992
11917,Andrew,1992,363,905,HU,145,0,25.08,-80.05,106,27,Andrew_1992
11945,Andrew,1992,363,1200,TS,35,1005,12.05,-42.0,106,27,Andrew_1992
11934,Andrew,1992,363,1800,TD,25,995,33.1,-88.07,106,27,Andrew_1992
11932,Andrew,1992,363,600,TD,30,933,32.02,-90.08,106,27,Andrew_1992
11933,Andrew,1992,363,1200,TD,30,1005,32.13,-89.1,106,27,Andrew_1992
11916,Andrew,1992,363,1200,HU,115,0,25.1,-81.03,106,27,Andrew_1992
11957,Andrew,1992,363,600,HU,65,960,25.1,-67.0,106,27,Andrew_1992
11925,Andrew,1992,363,1200,HU,120,1000,27.03,-88.03,106,27,Andrew_1992
11946,Andrew,1992,363,1800,TS,35,991,13.02,-44.03,106,27,Andrew_1992
11961,Andrew,1992,363,600,TS,45,977,23.15,-63.05,106,27,Andrew_1992
11937,Andrew,1992,363,1200,HU,145,0,25.07,-74.03,106,27,Andrew_1992
11940,Andrew,1992,363,600,TD,30,993,11.12,-39.1,106,27,Andrew_1992
11943,Andrew,1992,363,0,TD,30,1008,11.03,-37.07,106,27,Andrew_1992
11929,Andrew,1992,363,1200,HU,80,988,30.02,-91.12,106,27,Andrew_1992
11941,Andrew,1992,363,1800,HU,95,0,25.12,-69.12,106,27,Andrew_1992
11942,Andrew,1992,363,1800,TD,25,974,10.13,-35.08,106,27,Andrew_1992
11954,Andrew,1992,363,0,TS,40,958,19.13,-59.05,106,27,Andrew_1992
11920,Andrew,1992,363,100,HU,130,964,25.07,-77.13,106,27,Andrew_1992
11919,Andrew,1992,363,600,HU,130,1006,25.07,-79.05,106,27,Andrew_1992
11965,Andrew,1992,363,600,TS,40,1008,20.12,-60.0,106,27,Andrew_1992
11927,Andrew,1992,363,0,HU,125,0,28.08,-90.08,106,27,Andrew_1992
11962,Andrew,1992,363,0,TS,45,981,23.03,-62.07,106,27,Andrew_1992
11963,Andrew,1992,363,1800,TS,40,1003,22.08,-61.08,106,27,Andrew_1992
11964,Andrew,1992,363,1200,TS,40,963,21.12,-60.12,106,27,Andrew_1992
11915,Andrew,1992,363,1800,HU,115,0,25.13,-83.02,106,27,Andrew_1992
11956,Andrew,1992,363,1200,HU,80,1000,25.13,-68.05,106,27,Andrew_1992
11924,Andrew,1992,363,840,HU,145,1013,25.08,-80.03,106,27,Andrew_1992
11921,Andrew,1992,363,600,HU,115,0,26.1,-86.12,106,27,Andrew_1992
11939,Andrew,1992,363,600,HU,130,0,25.08,-72.08,106,27,Andrew_1992
11918,Andrew,1992,363,0,HU,125,0,25.07,-77.08,106,27,Andrew_1992
11944,Andrew,1992,363,0,HU,110,0,25.1,-71.02,106,27,Andrew_1992
11930,Andrew,1992,363,1800,TS,50,994,30.15,-91.1,106,27,Andrew_1992
21754,Sandy,2012,663,1800,HU,75,1010,17.12,-76.12,73,68,Sandy_2012
21750,Sandy,2012,663,600,HU,100,0,20.02,-76.0,73,68,Sandy_2012
21751,Sandy,2012,663,1800,HU,90,1004,23.05,-75.05,73,68,Sandy_2012
21718,Sandy,2012,663,1200,HU,65,0,32.0,-73.0,73,68,Sandy_2012
21742,Sandy,2012,663,1200,TS,40,997,13.07,-77.15,73,68,Sandy_2012
21728,Sandy,2012,663,0,EX,35,1005,40.12,-79.13,73,68,Sandy_2012
21727,Sandy,2012,663,1200,EX,30,1011,41.08,-80.12,73,68,Sandy_2012
21711,Sandy,2012,663,0,TS,60,1004,27.08,-77.02,73,68,Sandy_2012
21730,Sandy,2012,663,1800,HU,65,1012,27.0,-77.03,73,68,Sandy_2012
21753,Sandy,2012,663,1900,HU,75,1006,17.15,-76.1,73,68,Sandy_2012
21749,Sandy,2012,663,900,HU,95,0,20.15,-75.12,73,68,Sandy_2012
21723,Sandy,2012,663,2100,EX,75,0,38.13,-74.0,73,68,Sandy_2012
21739,Sandy,2012,663,1200,TD,30,970,13.02,-78.1,73,68,Sandy_2012
21743,Sandy,2012,663,1800,TS,45,1000,14.0,-77.1,73,68,Sandy_2012
21715,Sandy,2012,663,1800,HU,70,0,29.12,-75.1,73,68,Sandy_2012
21716,Sandy,2012,663,0,HU,65,997,30.08,-74.12,73,68,Sandy_2012
21734,Sandy,2012,663,0,HU,75,1004,24.13,-75.15,73,68,Sandy_2012
21713,Sandy,2012,663,600,TS,60,1005,28.02,-76.15,73,68,Sandy_2012
21747,Sandy,2012,663,600,TS,60,998,15.1,-77.02,73,68,Sandy_2012
21721,Sandy,2012,663,600,EX,55,0,39.15,-76.03,73,68,Sandy_2012
21717,Sandy,2012,663,600,HU,65,0,31.05,-73.15,73,68,Sandy_2012
21752,Sandy,2012,663,0,HU,85,992,18.15,-76.07,73,68,Sandy_2012
21733,Sandy,2012,663,1800,EX,40,1000,40.07,-78.15,73,68,Sandy_2012
21745,Sandy,2012,663,0,TS,40,976,12.1,-78.07,73,68,Sandy_2012
21741,Sandy,2012,663,600,TS,40,986,12.15,-78.02,73,68,Sandy_2012
21748,Sandy,2012,663,1200,HU,95,1012,21.12,-75.08,73,68,Sandy_2012
21729,Sandy,2012,663,600,EX,35,1004,41.02,-80.05,73,68,Sandy_2012
21746,Sandy,2012,663,1200,HU,65,994,16.1,-76.15,73,68,Sandy_2012
21722,Sandy,2012,663,1800,HU,80,0,38.05,-73.03,73,68,Sandy_2012
21735,Sandy,2012,663,600,HU,70,966,25.12,-76.07,73,68,Sandy_2012
21740,Sandy,2012,663,1800,TS,35,989,12.12,-78.12,73,68,Sandy_2012
21714,Sandy,2012,663,1200,HU,70,999,28.13,-76.08,73,68,Sandy_2012
21726,Sandy,2012,663,1200,EX,50,994,40.02,-77.13,73,68,Sandy_2012
21744,Sandy,2012,663,0,TS,55,1006,14.12,-77.05,73,68,Sandy_2012
21732,Sandy,2012,663,1200,HU,65,0,26.07,-76.15,73,68,Sandy_2012
21720,Sandy,2012,663,600,HU,80,984,35.05,-70.08,73,68,Sandy_2012
21712,Sandy,2012,663,0,HU,70,0,33.15,-71.0,73,68,Sandy_2012
21725,Sandy,2012,663,0,EX,70,0,39.08,-74.08,73,68,Sandy_2012
21731,Sandy,2012,663,1200,HU,85,0,36.15,-71.0,73,68,Sandy_2012
21736,Sandy,2012,663,1800,LO,25,964,14.05,-77.07,73,68,Sandy_2012
21719,Sandy,2012,663,1800,HU,65,994,32.13,-72.0,73,68,Sandy_2012
21724,Sandy,2012,663,2330,EX,70,0,39.07,-74.07,73,68,Sandy_2012
21737,Sandy,2012,663,0,LO,25,996,13.15,-77.13,73,68,Sandy_2012
21738,Sandy,2012,663,600,LO,25,1003,13.08,-78.03,73,68,Sandy_2012
21755,Sandy,2012,663,525,HU,100,0,20.0,-76.0,73,68,Sandy_2012
23494,Harvey,2017,724,1800,TS,45,986,28.08,-94.03,62,125,Harvey_2017
23488,Harvey,2017,724,600,TD,25,1003,31.15,-92.03,62,125,Harvey_2017
23499,Harvey,2017,724,600,TS,35,958,13.08,-65.12,62,125,Harvey_2017
23501,Harvey,2017,724,1800,TS,35,945,13.03,-62.03,62,125,Harvey_2017
23521,Harvey,2017,724,1200,TD,30,1010,21.07,-92.05,62,125,Harvey_2017
23533,Harvey,2017,724,1200,WV,30,1007,14.07,-75.0,62,125,Harvey_2017
23500,Harvey,2017,724,0,TS,35,944,13.07,-64.0,62,125,Harvey_2017
23460,Harvey,2017,724,1200,TS,35,1005,29.02,-97.08,62,125,Harvey_2017
23520,Harvey,2017,724,1800,TS,35,993,21.1,-92.07,62,125,Harvey_2017
23477,Harvey,2017,724,1200,TS,40,1005,30.02,-93.07,62,125,Harvey_2017
23464,Harvey,2017,724,0,TS,35,998,28.13,-96.13,62,125,Harvey_2017
23465,Harvey,2017,724,1800,TS,35,985,29.0,-97.03,62,125,Harvey_2017
23466,Harvey,2017,724,600,TS,40,1007,29.05,-97.1,62,125,Harvey_2017
23489,Harvey,2017,724,0,TD,30,1006,31.05,-92.1,62,125,Harvey_2017
23498,Harvey,2017,724,1200,TS,60,1008,23.12,-93.02,62,125,Harvey_2017
23508,Harvey,2017,724,1200,TD,30,979,13.02,-53.07,62,125,Harvey_2017
23514,Harvey,2017,724,1200,TD,30,1008,13.12,-67.08,62,125,Harvey_2017
23472,Harvey,2017,724,1800,TS,40,1006,28.07,-95.15,62,125,Harvey_2017
23461,Harvey,2017,724,1200,TS,40,979,28.08,-96.03,62,125,Harvey_2017
23462,Harvey,2017,724,600,TS,40,1000,28.1,-96.08,62,125,Harvey_2017
23517,Harvey,2017,724,600,WV,30,1010,14.03,-72.15,62,125,Harvey_2017
23530,Harvey,2017,724,0,WV,25,1006,15.02,-78.1,62,125,Harvey_2017
23531,Harvey,2017,724,1800,WV,30,1005,14.12,-76.13,62,125,Harvey_2017
23515,Harvey,2017,724,1800,WV,30,995,13.13,-69.03,62,125,Harvey_2017
23475,Harvey,2017,724,0,TS,45,984,29.03,-97.07,62,125,Harvey_2017
23467,Harvey,2017,724,0,HU,115,0,27.13,-96.13,62,125,Harvey_2017
23478,Harvey,2017,724,1200,TS,40,1009,28.03,-94.1,62,125,Harvey_2017
23490,Harvey,2017,724,1800,TS,35,990,30.1,-93.02,62,125,Harvey_2017
23493,Harvey,2017,724,0,TS,45,988,28.15,-93.13,62,125,Harvey_2017
23486,Harvey,2017,724,600,TS,40,963,28.02,-95.0,62,125,Harvey_2017
23476,Harvey,2017,724,0,TS,40,963,28.03,-95.07,62,125,Harvey_2017
23481,Harvey,2017,724,0,EX,20,1002,37.03,-85.1,62,125,Harvey_2017
23509,Harvey,2017,724,600,TD,25,997,13.07,-52.0,62,125,Harvey_2017
23519,Harvey,2017,724,600,TS,50,980,22.13,-92.1,62,125,Harvey_2017
23470,Harvey,2017,724,600,HU,105,1007,28.03,-97.02,62,125,Harvey_2017
23507,Harvey,2017,724,1800,TS,35,1003,13.0,-55.0,62,125,Harvey_2017
23497,Harvey,2017,724,600,WV,25,970,15.12,-80.08,62,125,Harvey_2017
23511,Harvey,2017,724,1800,LO,25,1009,13.1,-49.0,62,125,Harvey_2017
23516,Harvey,2017,724,1200,LO,25,994,13.12,-47.07,62,125,Harvey_2017
23474,Harvey,2017,724,1200,HU,95,0,26.05,-95.13,62,125,Harvey_2017
23469,Harvey,2017,724,1200,HU,65,998,28.12,-97.05,62,125,Harvey_2017
23532,Harvey,2017,724,1200,WV,25,982,19.07,-88.13,62,125,Harvey_2017
23468,Harvey,2017,724,1800,TS,50,990,29.0,-97.08,62,125,Harvey_2017
23491,Harvey,2017,724,800,TS,40,1007,29.13,-93.08,62,125,Harvey_2017
23524,Harvey,2017,724,1800,LO,25,1007,20.0,-89.12,62,125,Harvey_2017
23495,Harvey,2017,724,1200,TD,20,957,32.08,-91.12,62,125,Harvey_2017
23496,Harvey,2017,724,0,HU,80,1008,25.0,-94.07,62,125,Harvey_2017
23510,Harvey,2017,724,0,LO,25,1010,13.1,-50.1,62,125,Harvey_2017
23513,Harvey,2017,724,1800,HU,70,1004,24.07,-93.1,62,125,Harvey_2017
23487,Harvey,2017,724,1800,TD,25,915,33.07,-90.15,62,125,Harvey_2017
23525,Harvey,2017,724,0,TS,40,1010,22.0,-92.08,62,125,Harvey_2017
23506,Harvey,2017,724,0,TS,40,1006,13.0,-56.1,62,125,Harvey_2017
23471,Harvey,2017,724,300,HU,115,0,28.0,-96.15,62,125,Harvey_2017
23484,Harvey,2017,724,600,EX,30,1003,34.15,-88.03,62,125,Harvey_2017
23483,Harvey,2017,724,1200,EX,25,982,36.0,-87.02,62,125,Harvey_2017
23463,Harvey,2017,724,1200,EX,15,956,38.03,-84.12,62,125,Harvey_2017
23512,Harvey,2017,724,600,LO,25,1005,13.12,-45.13,62,125,Harvey_2017
23526,Harvey,2017,724,600,WV,25,1001,18.1,-87.13,62,125,Harvey_2017
23518,Harvey,2017,724,0,WV,30,1009,14.0,-71.0,62,125,Harvey_2017
23492,Harvey,2017,724,600,TS,40,978,29.07,-93.1,62,125,Harvey_2017
23485,Harvey,2017,724,0,TD,30,1005,34.02,-89.1,62,125,Harvey_2017
23522,Harvey,2017,724,600,LO,25,992,20.15,-91.1,62,125,Harvey_2017
23527,Harvey,2017,724,0,WV,25,992,18.0,-86.07,62,125,Harvey_2017
23473,Harvey,2017,724,1800,HU,105,0,27.02,-96.05,62,125,Harvey_2017
23479,Harvey,2017,724,600,HU,90,1006,25.1,-95.02,62,125,Harvey_2017
23528,Harvey,2017,724,1800,WV,25,993,17.05,-84.1,62,125,Harvey_2017
23505,Harvey,2017,724,600,TS,40,972,13.0,-58.07,62,125,Harvey_2017
23529,Harvey,2017,724,1200,WV,25,995,16.07,-82.08,62,125,Harvey_2017
23480,Harvey,2017,724,600,EX,20,983,37.15,-84.15,62,125,Harvey_2017
23482,Harvey,2017,724,1800,EX,20,1002,36.08,-86.07,62,125,Harvey_2017
23523,Harvey,2017,724,0,LO,25,957,20.08,-90.12,62,125,Harvey_2017
23504,Harvey,2017,724,1000,TS,40,1005,13.02,-59.1,62,125,Harvey_2017
23503,Harvey,2017,724,1200,TS,40,1007,13.02,-60.05,62,125,Harvey_2017
23502,Harvey,2017,724,1500,TS,40,1009,13.03,-61.03,62,125,Harvey_2017
19457,Ike,2008,586,600,HU,100,984,22.07,-66.05,35,38,Ike_2008
19406,Ike,2008,586,600,HU,70,1004,23.07,-84.1,35,38,Ike_2008
19426,Ike,2008,586,1800,HU,75,1011,21.03,-79.02,35,38,Ike_2008
19415,Ike,2008,586,1800,EX,50,1010,40.05,-87.03,35,38,Ike_2008
19451,Ike,2008,586,0,HU,115,1007,21.02,-75.03,35,38,Ike_2008
19432,Ike,2008,586,1300,HU,110,0,21.0,-73.03,35,38,Ike_2008
19443,Ike,2008,586,1200,TS,60,1012,20.1,-50.05,35,38,Ike_2008
19456,Ike,2008,586,1200,HU,110,998,21.0,-72.13,35,38,Ike_2008
19427,Ike,2008,586,0,EX,50,1000,43.05,-81.08,35,38,Ike_2008
19462,Ike,2008,586,1200,HU,95,1009,21.15,-67.12,35,38,Ike_2008
19410,Ike,2008,586,1200,HU,70,995,22.07,-82.07,35,38,Ike_2008
19409,Ike,2008,586,1400,HU,70,984,22.1,-82.15,35,38,Ike_2008
19452,Ike,2008,586,1800,HU,105,0,21.0,-74.0,35,38,Ike_2008
19447,Ike,2008,586,1200,HU,120,1010,23.0,-56.07,35,38,Ike_2008
19422,Ike,2008,586,1800,TS,50,990,31.12,-95.05,35,38,Ike_2008
19413,Ike,2008,586,0,HU,65,973,23.02,-84.0,35,38,Ike_2008
19402,Ike,2008,586,600,HU,85,0,25.02,-87.02,35,38,Ike_2008
19446,Ike,2008,586,600,HU,125,0,22.07,-55.0,35,38,Ike_2008
19444,Ike,2008,586,1800,HU,75,966,21.02,-51.15,35,38,Ike_2008
19423,Ike,2008,586,0,TS,35,996,33.08,-94.15,35,38,Ike_2008
19408,Ike,2008,586,1800,HU,65,1012,22.12,-83.05,35,38,Ike_2008
19424,Ike,2008,586,600,TS,35,1007,35.08,-93.12,35,38,Ike_2008
19450,Ike,2008,586,1800,HU,115,0,23.07,-57.12,35,38,Ike_2008
19407,Ike,2008,586,600,HU,70,0,22.0,-81.07,35,38,Ike_2008
19411,Ike,2008,586,0,HU,70,1000,21.08,-80.05,35,38,Ike_2008
19428,Ike,2008,586,600,EX,40,1000,45.13,-75.05,35,38,Ike_2008
19454,Ike,2008,586,0,HU,115,997,21.03,-70.05,35,38,Ike_2008
19429,Ike,2008,586,1200,EX,35,987,47.03,-71.02,35,38,Ike_2008
19433,Ike,2008,586,200,HU,115,971,21.02,-75.12,35,38,Ike_2008
19425,Ike,2008,586,1200,EX,40,1006,37.1,-91.0,35,38,Ike_2008
19453,Ike,2008,586,600,HU,115,0,21.02,-71.1,35,38,Ike_2008
19461,Ike,2008,586,600,HU,115,0,23.1,-60.07,35,38,Ike_2008
19455,Ike,2008,586,1800,HU,115,1000,21.08,-69.0,35,38,Ike_2008
19414,Ike,2008,586,0,HU,85,0,26.02,-90.0,35,38,Ike_2008
19445,Ike,2008,586,0,HU,105,0,21.13,-53.08,35,38,Ike_2008
19421,Ike,2008,586,1200,HU,85,999,30.05,-95.03,35,38,Ike_2008
19403,Ike,2008,586,0,HU,85,0,24.12,-86.07,35,38,Ike_2008
19449,Ike,2008,586,0,HU,115,0,23.1,-59.0,35,38,Ike_2008
19412,Ike,2008,586,1800,HU,85,988,25.13,-88.15,35,38,Ike_2008
19439,Ike,2008,586,1200,TS,50,970,18.12,-44.05,35,38,Ike_2008
19435,Ike,2008,586,1200,TS,35,1010,17.05,-38.07,35,38,Ike_2008
19448,Ike,2008,586,0,TS,55,995,19.13,-47.05,35,38,Ike_2008
19459,Ike,2008,586,1800,HU,100,0,23.03,-63.07,35,38,Ike_2008
19430,Ike,2008,586,600,HU,90,1002,26.07,-91.02,35,38,Ike_2008
19419,Ike,2008,586,600,HU,95,1010,29.02,-94.1,35,38,Ike_2008
19401,Ike,2008,586,1200,HU,80,0,23.13,-85.03,35,38,Ike_2008
19420,Ike,2008,586,700,HU,95,0,29.05,-94.12,35,38,Ike_2008
19438,Ike,2008,586,600,TS,45,1007,18.03,-42.13,35,38,Ike_2008
19418,Ike,2008,586,0,HU,95,0,28.05,-94.0,35,38,Ike_2008
19442,Ike,2008,586,600,TS,55,979,20.03,-48.13,35,38,Ike_2008
19417,Ike,2008,586,1800,HU,95,0,27.08,-93.03,35,38,Ike_2008
19440,Ike,2008,586,1800,TS,55,975,19.05,-45.13,35,38,Ike_2008
19436,Ike,2008,586,1800,TS,45,994,17.08,-39.15,35,38,Ike_2008
19404,Ike,2008,586,1800,HU,85,0,24.03,-85.13,35,38,Ike_2008
19460,Ike,2008,586,1200,HU,105,0,23.08,-61.15,35,38,Ike_2008
19458,Ike,2008,586,0,HU,100,1008,22.13,-64.15,35,38,Ike_2008
19405,Ike,2008,586,1200,HU,85,0,25.08,-88.0,35,38,Ike_2008
19416,Ike,2008,586,1200,HU,95,1006,26.15,-92.03,35,38,Ike_2008
19437,Ike,2008,586,0,TS,45,1000,17.13,-41.05,35,38,Ike_2008
19434,Ike,2008,586,600,TD,30,993,17.03,-37.0,35,38,Ike_2008
19441,Ike,2008,586,600,HU,100,0,21.02,-76.08,35,38,Ike_2008
19431,Ike,2008,586,1200,HU,85,0,21.02,-77.13,35,38,Ike_2008
18150,Wilma,2005,544,1200,HU,65,1007,16.03,-80.05,31,27,Wilma_2005
18113,Wilma,2005,544,1800,HU,105,0,28.0,-78.13,31,27,Wilma_2005
18130,Wilma,2005,544,0,TD,25,1005,17.1,-78.13,31,27,Wilma_2005
18148,Wilma,2005,544,1800,HU,130,0,18.1,-85.08,31,27,Wilma_2005
18138,Wilma,2005,544,600,TS,60,980,15.12,-79.15,31,27,Wilma_2005
18117,Wilma,2005,544,0,HU,110,0,30.02,-76.0,31,27,Wilma_2005
18108,Wilma,2005,544,1800,HU,90,0,23.02,-85.07,31,27,Wilma_2005
18143,Wilma,2005,544,1200,HU,160,1012,17.05,-82.13,31,27,Wilma_2005
18134,Wilma,2005,544,0,TD,30,957,17.07,-79.1,31,27,Wilma_2005
18146,Wilma,2005,544,600,HU,130,0,18.02,-84.12,31,27,Wilma_2005
18131,Wilma,2005,544,600,TD,30,994,17.08,-79.0,31,27,Wilma_2005
18133,Wilma,2005,544,1800,TD,30,1004,17.08,-79.07,31,27,Wilma_2005
18126,Wilma,2005,544,1200,HU,90,1009,36.13,-67.15,31,27,Wilma_2005
18147,Wilma,2005,544,1200,HU,130,0,18.05,-85.03,31,27,Wilma_2005
18142,Wilma,2005,544,600,HU,150,0,17.0,-82.03,31,27,Wilma_2005
18135,Wilma,2005,544,600,TS,35,1000,16.15,-79.1,31,27,Wilma_2005
18129,Wilma,2005,544,1800,TD,25,1004,17.1,-78.08,31,27,Wilma_2005
18140,Wilma,2005,544,1800,HU,75,965,16.1,-81.02,31,27,Wilma_2005
18119,Wilma,2005,544,1800,HU,75,1006,40.08,-63.08,31,27,Wilma_2005
18145,Wilma,2005,544,0,HU,135,0,17.15,-84.0,31,27,Wilma_2005
18121,Wilma,2005,544,600,EX,55,940,44.0,-57.08,31,27,Wilma_2005
18120,Wilma,2005,544,0,EX,60,1006,42.08,-60.0,31,27,Wilma_2005
18141,Wilma,2005,544,0,HU,130,0,16.1,-81.13,31,27,Wilma_2005
18144,Wilma,2005,544,1800,HU,140,0,17.07,-83.07,31,27,Wilma_2005
18111,Wilma,2005,544,1800,HU,85,991,21.05,-87.02,31,27,Wilma_2005
18132,Wilma,2005,544,1200,TD,30,1007,17.08,-79.03,31,27,Wilma_2005
18116,Wilma,2005,544,2145,HU,130,0,20.1,-86.13,31,27,Wilma_2005
18107,Wilma,2005,544,1200,HU,100,1006,21.0,-87.02,31,27,Wilma_2005
18125,Wilma,2005,544,1800,HU,120,0,20.05,-86.12,31,27,Wilma_2005
18137,Wilma,2005,544,0,TS,55,1000,15.13,-79.15,31,27,Wilma_2005
18103,Wilma,2005,544,1200,HU,85,0,22.07,-86.02,31,27,Wilma_2005
18106,Wilma,2005,544,600,HU,110,900,20.13,-87.0,31,27,Wilma_2005
18105,Wilma,2005,544,0,HU,85,0,21.1,-87.0,31,27,Wilma_2005
18118,Wilma,2005,544,600,HU,100,984,33.05,-72.0,31,27,Wilma_2005
18149,Wilma,2005,544,0,HU,130,975,19.02,-85.13,31,27,Wilma_2005
18139,Wilma,2005,544,1800,TS,45,987,16.0,-79.13,31,27,Wilma_2005
18122,Wilma,2005,544,1200,EX,50,1010,45.0,-55.0,31,27,Wilma_2005
18109,Wilma,2005,544,330,HU,115,968,20.13,-86.15,31,27,Wilma_2005
18110,Wilma,2005,544,0,HU,120,0,20.1,-86.13,31,27,Wilma_2005
18136,Wilma,2005,544,1200,TS,40,1005,16.05,-79.12,31,27,Wilma_2005
18124,Wilma,2005,544,600,HU,110,959,25.0,-83.02,31,27,Wilma_2005
18123,Wilma,2005,544,1800,EX,40,1000,45.08,-52.0,31,27,Wilma_2005
18127,Wilma,2005,544,600,HU,130,0,19.08,-86.02,31,27,Wilma_2005
18104,Wilma,2005,544,600,HU,85,1012,21.13,-86.13,31,27,Wilma_2005
18128,Wilma,2005,544,1200,HU,125,0,20.02,-86.07,31,27,Wilma_2005
18115,Wilma,2005,544,1200,HU,95,993,26.03,-81.0,31,27,Wilma_2005
18112,Wilma,2005,544,0,HU,95,0,24.0,-84.05,31,27,Wilma_2005
18114,Wilma,2005,544,1030,HU,105,0,25.15,-81.12,31,27,Wilma_2005
23591,Irma,2017,725,0,HU,125,1001,16.1,-55.02,31,77,Irma_2017
23598,Irma,2017,725,1200,HU,100,1000,17.15,-47.15,31,77,Irma_2017
23534,Irma,2017,725,1200,HU,110,0,22.12,-79.05,31,77,Irma_2017
23549,Irma,2017,725,1200,TS,50,960,29.1,-82.12,31,77,Irma_2017
23594,Irma,2017,725,1200,HU,110,1007,16.13,-52.1,31,77,Irma_2017
23581,Irma,2017,725,600,HU,100,975,19.02,-41.02,31,77,Irma_2017
23593,Irma,2017,725,1800,HU,115,0,16.12,-53.15,31,77,Irma_2017
23555,Irma,2017,725,600,HU,65,0,28.03,-82.03,31,77,Irma_2017
23597,Irma,2017,725,1800,HU,100,999,17.1,-49.03,31,77,Irma_2017
23595,Irma,2017,725,600,HU,105,0,17.0,-51.08,31,77,Irma_2017
23554,Irma,2017,725,0,HU,80,0,26.13,-81.12,31,77,Irma_2017
23580,Irma,2017,725,0,HU,100,0,19.02,-39.12,31,77,Irma_2017
23575,Irma,2017,725,1800,HU,95,1010,17.02,-34.03,31,77,Irma_2017
23579,Irma,2017,725,1800,HU,100,1004,18.13,-38.08,31,77,Irma_2017
23596,Irma,2017,725,0,HU,100,0,17.05,-50.07,31,77,Irma_2017
23578,Irma,2017,725,1200,HU,100,1006,18.07,-37.05,31,77,Irma_2017
23577,Irma,2017,725,600,HU,100,1009,17.15,-36.02,31,77,Irma_2017
23576,Irma,2017,725,0,HU,100,988,17.08,-35.02,31,77,Irma_2017
23545,Irma,2017,725,1800,HU,95,0,23.02,-80.03,31,77,Irma_2017
23539,Irma,2017,725,1200,HU,135,1004,21.13,-74.12,31,77,Irma_2017
23573,Irma,2017,725,0,TS,55,1008,16.05,-31.12,31,77,Irma_2017
23566,Irma,2017,725,1200,LO,20,1001,33.13,-86.15,31,77,Irma_2017
23567,Irma,2017,725,1115,HU,155,0,18.02,-63.02,31,77,Irma_2017
23550,Irma,2017,725,1200,HU,115,965,24.08,-81.08,31,77,Irma_2017
23551,Irma,2017,725,1300,HU,115,0,24.12,-81.08,31,77,Irma_2017
23535,Irma,2017,725,600,HU,130,959,22.07,-78.05,31,77,Irma_2017
23568,Irma,2017,725,1200,HU,155,1013,18.02,-63.05,31,77,Irma_2017
23565,Irma,2017,725,1630,HU,155,0,18.08,-64.07,31,77,Irma_2017
23564,Irma,2017,725,600,HU,115,0,23.12,-81.05,31,77,Irma_2017
23587,Irma,2017,725,0,HU,155,0,17.05,-60.1,31,77,Irma_2017
23589,Irma,2017,725,1200,HU,150,0,16.12,-57.13,31,77,Irma_2017
23546,Irma,2017,725,0,HU,150,0,19.03,-66.03,31,77,Irma_2017
23563,Irma,2017,725,1800,HU,150,0,18.1,-64.12,31,77,Irma_2017
23540,Irma,2017,725,0,HU,140,0,21.02,-71.13,31,77,Irma_2017
23557,Irma,2017,725,0,TS,35,1013,31.15,-84.07,31,77,Irma_2017
23599,Irma,2017,725,600,HU,95,1004,18.03,-46.12,31,77,Irma_2017
23544,Irma,2017,725,600,HU,145,0,19.12,-67.1,31,77,Irma_2017
23588,Irma,2017,725,1800,HU,155,0,16.15,-59.03,31,77,Irma_2017
23547,Irma,2017,725,600,HU,135,990,21.08,-73.03,31,77,Irma_2017
23574,Irma,2017,725,600,HU,65,1007,16.07,-32.08,31,77,Irma_2017
23538,Irma,2017,725,1800,HU,140,996,22.0,-76.0,31,77,Irma_2017
23536,Irma,2017,725,300,HU,145,1003,22.05,-77.15,31,77,Irma_2017
23537,Irma,2017,725,0,HU,145,0,22.02,-77.03,31,77,Irma_2017
23541,Irma,2017,725,500,HU,135,990,21.08,-73.0,31,77,Irma_2017
23558,Irma,2017,725,600,LO,25,970,32.15,-85.1,31,77,Irma_2017
23542,Irma,2017,725,1800,HU,145,0,20.12,-70.07,31,77,Irma_2017
23592,Irma,2017,725,600,HU,155,0,17.12,-61.15,31,77,Irma_2017
23548,Irma,2017,725,0,HU,100,974,23.07,-80.15,31,77,Irma_2017
23586,Irma,2017,725,545,HU,155,1005,17.12,-61.13,31,77,Irma_2017
23571,Irma,2017,725,1200,TS,45,980,16.05,-29.12,31,77,Irma_2017
23585,Irma,2017,725,1800,HU,95,1006,18.12,-44.02,31,77,Irma_2017
23584,Irma,2017,725,0,HU,95,1007,18.08,-45.08,31,77,Irma_2017
23582,Irma,2017,725,1200,HU,95,1008,18.15,-42.1,31,77,Irma_2017
23553,Irma,2017,725,1930,HU,100,0,25.15,-81.12,31,77,Irma_2017
23552,Irma,2017,725,1800,HU,100,0,25.1,-81.12,31,77,Irma_2017
23569,Irma,2017,725,0,TD,30,1009,16.02,-26.15,31,77,Irma_2017
23556,Irma,2017,725,1800,TS,45,966,30.15,-83.08,31,77,Irma_2017
23570,Irma,2017,725,600,TS,35,1005,16.03,-28.05,31,77,Irma_2017
23543,Irma,2017,725,1200,HU,145,1012,20.03,-69.0,31,77,Irma_2017
23560,Irma,2017,725,0,LO,15,986,35.1,-88.15,31,77,Irma_2017
23583,Irma,2017,725,1200,HU,80,1012,16.12,-33.07,31,77,Irma_2017
23590,Irma,2017,725,600,HU,135,0,16.1,-56.07,31,77,Irma_2017
23559,Irma,2017,725,1800,LO,15,1010,34.13,-88.02,31,77,Irma_2017
23561,Irma,2017,725,600,LO,15,998,36.03,-89.08,31,77,Irma_2017
23562,Irma,2017,725,1200,LO,15,976,36.13,-90.02,31,77,Irma_2017
23572,Irma,2017,725,1800,TS,50,986,16.05,-30.13,31,77,Irma_2017
16895,Charley,2004,508,600,TS,35,1005,12.15,-65.05,26,16,Charley_2004
16896,Charley,2004,508,1200,TS,40,983,13.13,-67.1,26,16,Charley_2004
16886,Charley,2004,508,600,EX,35,1000,39.05,-73.13,26,16,Charley_2004
16880,Charley,2004,508,2045,HU,125,0,26.15,-82.02,26,16,Charley_2004
16889,Charley,2004,508,0,EX,40,971,36.15,-75.15,26,16,Charley_2004
16893,Charley,2004,508,1200,TD,30,1002,11.07,-59.03,26,16,Charley_2004
16899,Charley,2004,508,600,TS,55,1007,16.0,-73.12,26,16,Charley_2004
16898,Charley,2004,508,1800,TD,30,986,11.12,-61.02,26,16,Charley_2004
16878,Charley,2004,508,1800,HU,125,0,26.02,-82.07,26,16,Charley_2004
16894,Charley,2004,508,0,TD,30,988,12.03,-63.03,26,16,Charley_2004
16904,Charley,2004,508,0,TS,55,1009,15.1,-71.13,26,16,Charley_2004
16897,Charley,2004,508,1800,TS,45,1005,14.15,-69.13,26,16,Charley_2004
16885,Charley,2004,508,1800,TS,60,950,34.08,-78.02,26,16,Charley_2004
16881,Charley,2004,508,0,HU,75,0,28.02,-81.1,26,16,Charley_2004
16887,Charley,2004,508,1200,EX,30,975,41.03,-71.02,26,16,Charley_2004
16892,Charley,2004,508,0,HU,90,985,21.12,-82.03,26,16,Charley_2004
16903,Charley,2004,508,600,HU,75,990,18.03,-79.05,26,16,Charley_2004
16884,Charley,2004,508,1600,HU,65,978,33.13,-78.12,26,16,Charley_2004
16883,Charley,2004,508,1200,HU,65,987,32.05,-79.12,26,16,Charley_2004
16876,Charley,2004,508,600,HU,105,957,23.0,-82.1,26,16,Charley_2004
16905,Charley,2004,508,1200,HU,80,1003,19.03,-80.12,26,16,Charley_2004
16891,Charley,2004,508,1800,HU,90,1009,20.08,-81.1,26,16,Charley_2004
16890,Charley,2004,508,430,HU,105,983,22.12,-82.1,26,16,Charley_2004
16879,Charley,2004,508,1945,HU,130,0,26.1,-82.03,26,16,Charley_2004
16902,Charley,2004,508,0,HU,65,979,17.07,-78.02,26,16,Charley_2004
16882,Charley,2004,508,1400,HU,70,974,33.0,-79.07,26,16,Charley_2004
16877,Charley,2004,508,1200,HU,95,1000,24.07,-82.15,26,16,Charley_2004
16888,Charley,2004,508,600,HU,75,949,30.02,-80.13,26,16,Charley_2004
16901,Charley,2004,508,1800,HU,65,945,16.12,-76.13,26,16,Charley_2004
16900,Charley,2004,508,1200,TS,60,974,16.05,-75.07,26,16,Charley_2004
5814,Camille,1969,162,1200,HU,75,0,32.0,-89.15,26,1,Camille_1969
5800,Camille,1969,162,0,TS,35,990,34.12,-90.0,26,1,Camille_1969
5799,Camille,1969,162,1800,TS,50,0,33.07,-90.02,26,1,Camille_1969
5833,Camille,1969,162,1200,HU,140,952,27.0,-88.05,26,1,Camille_1969
5815,Camille,1969,162,1200,TD,30,0,37.03,-77.05,26,1,Camille_1969
5817,Camille,1969,162,0,HU,90,985,22.05,-84.07,26,1,Camille_1969
5835,Camille,1969,162,2200,HU,95,0,21.15,-84.05,26,1,Camille_1969
5832,Camille,1969,162,600,HU,145,952,26.0,-87.12,26,1,Camille_1969
5801,Camille,1969,162,600,TD,30,0,36.0,-89.05,26,1,Camille_1969
5808,Camille,1969,162,0,TS,50,938,36.12,-73.1,26,1,Camille_1969
5802,Camille,1969,162,1200,TD,30,0,37.0,-88.0,26,1,Camille_1969
5803,Camille,1969,162,1800,TD,25,0,37.1,-86.0,26,1,Camille_1969
5804,Camille,1969,162,0,TD,25,971,37.1,-84.0,26,1,Camille_1969
5805,Camille,1969,162,600,TD,25,985,37.07,-80.1,26,1,Camille_1969
5806,Camille,1969,162,1200,TS,60,0,37.02,-68.02,26,1,Camille_1969
5828,Camille,1969,162,600,HU,105,0,23.02,-85.03,26,1,Camille_1969
5809,Camille,1969,162,600,TS,55,0,36.12,-70.15,26,1,Camille_1969
5810,Camille,1969,162,1800,TS,60,0,37.13,-64.12,26,1,Camille_1969
5811,Camille,1969,162,0,TS,55,0,39.03,-61.13,26,1,Camille_1969
5812,Camille,1969,162,600,TS,45,1001,40.13,-58.03,26,1,Camille_1969
5813,Camille,1969,162,1200,EX,35,0,43.0,-54.0,26,1,Camille_1969
5825,Camille,1969,162,1200,HU,90,0,20.1,-83.13,26,1,Camille_1969
5829,Camille,1969,162,1200,HU,130,0,23.13,-86.0,26,1,Camille_1969
5819,Camille,1969,162,0,TD,30,0,18.05,-79.12,26,1,Camille_1969
5827,Camille,1969,162,600,HU,65,0,20.0,-83.05,26,1,Camille_1969
5826,Camille,1969,162,1800,HU,95,1012,21.05,-84.02,26,1,Camille_1969
5834,Camille,1969,162,1800,HU,135,0,28.03,-88.12,26,1,Camille_1969
5823,Camille,1969,162,0,TS,55,1005,19.08,-82.12,26,1,Camille_1969
5807,Camille,1969,162,1800,TS,45,963,37.0,-75.05,26,1,Camille_1969
5822,Camille,1969,162,1800,TS,50,0,19.02,-82.0,26,1,Camille_1969
5831,Camille,1969,162,0,HU,150,0,25.03,-87.03,26,1,Camille_1969
5824,Camille,1969,162,400,HU,150,0,30.05,-89.07,26,1,Camille_1969
5830,Camille,1969,162,1800,HU,150,1006,24.05,-86.1,26,1,Camille_1969
5821,Camille,1969,162,1200,TS,45,963,18.13,-81.05,26,1,Camille_1969
5816,Camille,1969,162,600,HU,115,996,30.12,-89.1,26,1,Camille_1969
5818,Camille,1969,162,0,HU,140,0,29.07,-89.0,26,1,Camille_1969
5820,Camille,1969,162,600,TS,35,0,18.08,-80.08,26,1,Camille_1969
6801,Agnes,1972,192,1800,HU,65,988,29.1,-85.1,26,2,Agnes_1972
6803,Agnes,1972,192,600,TD,30,1013,31.07,-84.12,26,2,Agnes_1972
6799,Agnes,1972,192,1800,TD,30,997,32.15,-82.13,26,2,Agnes_1972
